t,p_1,p_2,mob_A,imm_A,diss_A,seal_A,mob_B,imm_B,diss_B,seal_B,M_C,total_CO2_mass
600,109855,103955,1.09406e-05,0,1.52474e-05,2.5632e-07,0,0,3.58109e-33,3.54259e-33,8.93799e-05,0.000204104
1200,109860,103958,8.13289e-05,0,0.000107191,2.89228e-06,0,0,1.26946e-28,1.25275e-28,0.0011552,0.000408449
1800,109869,103964,0.000160668,6.22744e-07,0.00021052,1.01631e-05,0,0,7.26756e-27,7.05334e-27,0.00125486,0.000612801
2400,109866,103962,0.000264317,1.3235e-06,0.000287151,1.90061e-05,0,0,4.47431e-25,4.07985e-25,0.0013099,0.000817361
3000,109866,103964,0.00037363,3.4388e-07,0.000357995,2.52057e-05,0,0,1.56954e-23,1.24526e-23,0.00195621,0.00102195
3600,109858,103958,0.000488979,2.81136e-06,0.000414866,3.19095e-05,0,0,4.15844e-22,2.61098e-22,0.00421251,0.00122665
4200,109863,103962,0.000615736,1.25509e-07,0.000465779,3.6017e-05,0,0,7.16479e-21,3.27748e-21,0.0123152,0.00143139
4800,109858,103958,0.000728372,3.16641e-06,0.000519736,3.81972e-05,0,0,7.77573e-20,2.51695e-20,0.0261553,0.00163607
5400,109864,103963,0.000855739,1.76595e-07,0.000566073,3.96071e-05,0,0,5.40479e-19,1.13084e-19,0.055198,0.00184083
6000,109858,103958,0.000986004,1.91335e-06,0.000583629,4.17794e-05,0,0,4.11213e-18,5.10043e-19,0.101996,0.00204575
6600,109866,103964,0.00105868,1.06864e-05,0.000664915,4.22594e-05,0,0,1.16448e-17,1.08255e-18,0.14614,0.0022502
7200,109865,103964,0.00122502,0,0.000669549,4.50614e-05,0,0,5.54931e-17,2.95657e-18,0.252213,0.0024553
7800,109858,103958,0.00130742,4.9675e-06,0.000715585,4.55297e-05,0,0,1.52936e-16,5.68385e-18,0.331467,0.00265992
8400,109866,103964,0.00142973,0,0.000756945,4.65645e-05,0,0,3.94961e-16,1.01721e-17,0.471202,0.00296517
9000,109872,103970,0.00157467,0,0.000768364,5.03199e-05,0,0,1.12644e-15,1.86924e-17,0.634843,0.00336698
9600,109864,103963,0.00163344,7.50392e-06,0.000823787,5.07137e-05,0,0,2.34609e-15,2.83321e-17,0.767153,0.0037685
10200,109868,103967,0.0017585,2.00783e-07,0.000858041,5.18973e-05,0,0,9.08923e-15,4.19301e-17,0.848326,0.00417013
10800,109871,103969,0.00190943,0,0.000860535,5.48282e-05,0,0,1.01489e-13,6.12688e-17,0.970825,0.0045721
11400,109866,103965,0.00196585,8.22023e-06,0.00091701,5.52216e-05,0,0,4.91202e-13,7.96987e-17,1.22571,0.00497354
12000,109873,103966,0.00208129,0,0.000946651,5.6168e-05,0,0,3.71416e-12,1.03742e-16,1.33674,0.0053756
12600,109883,103968,0.00223068,0,0.000949284,5.90576e-05,0,0,3.72902e-11,1.31989e-16,1.38036,0.005778
13200,109870,103959,0.0022973,7.72631e-06,0.00099047,5.94406e-05,0,0,1.54269e-10,1.59262e-16,1.45684,0.00617987
13800,109884,103959,0.00239188,0,0.00103335,5.99489e-05,0,0,5.95635e-10,1.89932e-16,1.51418,0.00658213
14400,109881,103957,0.00250083,0,0.00103566,6.22285e-05,0,0,2.63076e-09,2.25143e-16,1.5145,0.00698429
15000,109877,103955,0.00256761,0,0.0010335,6.27086e-05,0,0,2.41764e-07,2.58289e-16,1.5147,0.00738629
15600,109871,103954,0.00258903,0,0.00103266,6.27732e-05,2.41469e-05,0,0.000121821,2.89299e-16,1.51491,0.00778762
16200,109879,103955,0.00259471,0,0.00103255,6.26304e-05,5.89911e-05,0,0.000331701,3.22802e-16,1.51499,0.00818898
16800,109874,103954,0.00259681,0,0.00103256,6.24779e-05,9.86388e-05,1.17403e-06,0.000555847,2.05563e-11,1.51505,0.00859031
17400,109866,103953,0.00259816,0,0.00103261,6.23912e-05,0.000180808,1.20538e-06,0.000746467,1.86726e-09,1.51513,0.00899176
18000,109871,103954,0.00259917,0,0.00103266,6.23332e-05,0.000238672,9.54177e-06,0.000965008,2.8411e-07,1.51525,0.00939284
18600,109836,103950,0.00254507,0,0.00104857,6.17717e-05,0.000191196,3.85661e-06,0.00108163,2.61734e-07,1.51499,0.00939109
19200,109842,103951,0.00252076,0,0.00105652,6.16069e-05,0.000178364,7.33138e-06,0.00111334,4.05852e-07,1.51508,0.0093904
19800,109843,103951,0.00250559,0,0.00106161,6.15347e-05,0.000167466,8.38085e-06,0.00113406,5.06296e-07,1.51521,0.00938991
20400,109845,103951,0.00249471,0,0.00106536,6.15008e-05,0.000158484,6.74462e-06,0.00114901,6.68087e-07,1.51537,0.00938951
21000,109846,103951,0.00248641,0,0.00106829,6.14879e-05,0.000147823,6.01774e-06,0.00116045,8.15602e-07,1.51556,0.00938917
21600,109846,103951,0.00247963,0,0.00107073,6.14872e-05,0.000135283,6.2039e-06,0.00117004,9.58602e-07,1.51577,0.00938886
22200,109846,103951,0.00247398,0,0.00107283,6.14965e-05,0.000117774,1.04233e-05,0.00117822,1.09616e-06,1.51602,0.00938857
22800,109847,103951,0.00246914,0,0.00107468,6.15135e-05,0.000105537,9.72435e-06,0.00118453,1.23643e-06,1.51631,0.00938831
23400,109847,103952,0.00246491,0,0.00107635,6.15369e-05,9.5263e-05,7.53003e-06,0.00118923,1.37713e-06,1.51666,0.00938806
24000,109847,103952,0.00246115,0,0.00107788,6.15615e-05,8.30576e-05,6.79105e-06,0.00119316,1.5176e-06,1.51707,0.00938782
24600,109847,103952,0.00245774,0,0.00107932,6.15967e-05,7.08303e-05,6.30023e-06,0.00119619,1.66167e-06,1.51756,0.00938761
25200,109847,103952,0.00245459,0,0.0010807,6.16397e-05,5.55974e-05,8.28022e-06,0.0011992,1.80309e-06,1.51815,0.00938739
25800,109848,103952,0.00245166,0,0.00108205,6.16873e-05,4.34266e-05,6.9305e-06,0.00120203,1.9412e-06,1.51886,0.00938718
26400,109848,103952,0.0024489,0,0.00108337,6.17408e-05,3.0946e-05,6.24756e-06,0.00120436,2.08048e-06,1.51973,0.00938697
27000,109848,103952,0.00244627,0,0.00108469,6.18006e-05,1.5834e-05,1.1328e-05,0.00120355,2.22596e-06,1.52077,0.00938679
27600,109849,103952,0.00244374,0,0.00108603,6.18697e-05,7.57353e-06,1.18191e-05,0.00120082,2.37291e-06,1.52202,0.00938663
28200,109849,103952,0.00244128,0,0.00108738,6.19386e-05,6.02258e-06,8.27074e-06,0.00119577,2.52592e-06,1.52353,0.0093865
28800,109849,103952,0.00243887,0,0.00108875,6.20031e-05,5.98687e-06,5.2053e-06,0.00118893,2.68171e-06,1.52534,0.00938639
29400,109849,103952,0.00243651,0,0.00109017,6.20696e-05,5.94879e-06,2.99104e-06,0.00118158,2.8328e-06,1.52749,0.00938629
30000,109850,103952,0.00243416,0,0.00109163,6.21384e-05,5.90785e-06,1.72227e-06,0.00117364,2.9804e-06,1.53004,0.00938621
30600,109850,103952,0.00243181,0,0.00109315,6.22031e-05,5.5046e-06,1.57359e-06,0.00116514,3.12431e-06,1.53305,0.00938613
31200,109850,103952,0.00242945,0,0.00109475,6.22661e-05,4.85052e-06,1.79193e-06,0.00115675,3.25913e-06,1.53656,0.00938605
31800,109850,103952,0.00242705,0,0.00109644,6.23273e-05,4.44638e-06,1.83387e-06,0.00114855,3.38878e-06,1.54066,0.00938598
32400,109850,103952,0.00242461,0,0.00109822,6.23906e-05,4.39436e-06,1.59708e-06,0.00114059,3.51281e-06,1.54536,0.0093859
33000,109850,103952,0.0024221,0,0.00110013,6.2453e-05,4.33746e-06,1.28825e-06,0.00113294,3.62758e-06,1.55075,0.00938583
33600,109850,103952,0.0024195,0,0.00110218,6.25086e-05,4.31877e-06,1.13542e-06,0.0011253,3.73821e-06,1.55691,0.00938576
34200,109850,103952,0.00241681,0,0.00110437,6.25607e-05,4.31369e-06,1.00783e-06,0.00111781,3.84043e-06,1.56384,0.00938568
34800,109850,103952,0.002414,0,0.00110674,6.26059e-05,4.30666e-06,8.13479e-07,0.00111057,3.93342e-06,1.57164,0.0093856
35400,109850,103952,0.00241104,0,0.00110931,6.26474e-05,4.29762e-06,5.494e-07,0.00110361,4.0222e-06,1.58033,0.00938552
36000,109850,103952,0.00240791,0,0.00111213,6.26888e-05,4.28657e-06,4.11849e-07,0.00109672,4.10844e-06,1.58997,0.00938544
36600,109850,103952,0.00240456,0,0.00111523,6.27307e-05,4.27338e-06,3.21713e-07,0.00108998,4.18985e-06,1.60057,0.00938537
37200,109850,103952,0.00240071,2.09184e-07,0.00111868,6.27718e-05,4.25775e-06,2.01422e-07,0.00108341,4.26383e-06,1.61219,0.00938529
37800,109850,103952,0.00239705,0,0.0011224,6.28146e-05,4.23953e-06,1.15831e-07,0.00107695,4.33364e-06,1.62484,0.00938522
38400,109850,103952,0.0023932,0,0.00112614,6.28579e-05,4.21874e-06,6.84305e-08,0.00107066,4.40075e-06,1.63865,0.00938514
39000,109850,103952,0.00238877,2.58047e-07,0.00113029,6.28946e-05,4.19469e-06,0,0.00106449,4.45976e-06,1.65365,0.00938506
39600,109850,103952,0.00238433,2.71821e-08,0.00113501,6.29234e-05,4.16674e-06,0,0.0010583,4.50945e-06,1.66987,0.00938497
40200,109849,103952,0.002379,3.33009e-07,0.00114012,6.29459e-05,4.13445e-06,0,0.00105221,4.55178e-06,1.68741,0.00938488
40800,109849,103952,0.00235924,1.43103e-05,0.00114607,6.29549e-05,4.09638e-06,0,0.00104609,4.5834e-06,1.70619,0.00938478
41400,109849,103952,0.00235121,1.5459e-05,0.00115308,6.29497e-05,4.05109e-06,0,0.00103994,4.6029e-06,1.72599,0.00938467
42000,109850,103952,0.00234536,1.41846e-05,0.00116025,6.29399e-05,3.99889e-06,0,0.00103396,4.61814e-06,1.74732,0.00938457
42600,109850,103952,0.00234159,1.36823e-05,0.00116444,6.29601e-05,3.94634e-06,0,0.0010289,4.65986e-06,1.77269,0.0093845
43200,109850,103952,0.00233888,1.29543e-05,0.0011678,6.29917e-05,3.89108e-06,0,0.00102434,4.71394e-06,1.80061,0.00938444
43800,109850,103952,0.00233541,1.35245e-05,0.0011706,6.30294e-05,3.8317e-06,0,0.0010201,4.7728e-06,1.83093,0.00938439
44400,109850,103952,0.0023333,1.31206e-05,0.00117302,6.30705e-05,3.76687e-06,0,0.00101609,4.83455e-06,1.86345,0.00938434
45000,109850,103952,0.00232903,1.50368e-05,0.0011753,6.31112e-05,3.69533e-06,0,0.00101224,4.89642e-06,1.89787,0.0093843
45600,109850,103952,0.00232445,1.74573e-05,0.00117737,6.31519e-05,3.61664e-06,0,0.00100854,4.95844e-06,1.93469,0.00938426
46200,109850,103952,0.00232154,1.82649e-05,0.0011794,6.31917e-05,3.52874e-06,0,0.00100496,5.01928e-06,1.97317,0.00938423
46800,109850,103952,0.00231988,1.79614e-05,0.00118131,6.32329e-05,3.43229e-06,0,0.00100155,5.08098e-06,2.01392,0.00938419
47400,109850,103952,0.00231989,1.5967e-05,0.00118326,6.32735e-05,3.32469e-06,0,0.000998245,5.14146e-06,2.05589,0.00938416
48000,109850,103952,0.00231989,1.4261e-05,0.00118493,6.33155e-05,3.20639e-06,0,0.00099509,5.20337e-06,2.09861,0.00938413
48600,109850,103952,0.0023199,1.25728e-05,0.0011866,6.33566e-05,3.07502e-06,0,0.000992026,5.26463e-06,2.14269,0.0093841
49200,109851,103952,0.0023199,1.1029e-05,0.00118814,6.33983e-05,2.93103e-06,0,0.000989076,5.32614e-06,2.18608,0.00938408
49800,109850,103952,0.00231991,9.81483e-06,0.00118935,6.34414e-05,2.77373e-06,0,0.000986267,5.38922e-06,2.22929,0.00938405
50400,109851,103952,0.00231991,8.49527e-06,0.00119071,6.34834e-05,2.59427e-06,0,0.000983513,5.4496e-06,2.27236,0.00938403
51000,109850,103952,0.00231992,6.96338e-06,0.0011923,6.35254e-05,2.39093e-06,0,0.000980855,5.50928e-06,2.31572,0.00938401
51600,109851,103952,0.00231993,5.74375e-06,0.0011936,6.35686e-05,2.1634e-06,0,0.00097833,5.56993e-06,2.35832,0.00938398
52200,109851,103952,0.00231994,4.79655e-06,0.00119464,6.36131e-05,1.90709e-06,0,0.000975929,5.63118e-06,2.39839,0.00938397
52800,109851,103952,0.00231995,3.96708e-06,0.00119558,6.36582e-05,1.61725e-06,0,0.000973633,5.69228e-06,2.43814,0.00938395
53400,109851,103952,0.00231995,3.31227e-06,0.00119636,6.3704e-05,1.29064e-06,0,0.000971445,5.75343e-06,2.47703,0.00938393
54000,109851,103952,0.00231996,2.73679e-06,0.00119709,6.37506e-05,9.25983e-07,0,0.000969376,5.81518e-06,2.51431,0.00938392
54600,109851,103952,0.00231997,2.4081e-06,0.00119757,6.37982e-05,0,5.26716e-07,0.000967422,5.87764e-06,2.54946,0.0093839
55200,109851,103952,0.00231997,2.20749e-06,0.00119795,6.38466e-05,0,1.04685e-07,0.000965552,5.9403e-06,2.58269,0.00938389
55800,109851,103952,0.00231998,1.94119e-06,0.00119842,6.38954e-05,0,0,0.000963416,6.00385e-06,2.61497,0.00938388
56400,109851,103952,0.00231998,1.64804e-06,0.00119895,6.39446e-05,0,0,0.000961208,6.06648e-06,2.64523,0.00938387
57000,109851,103952,0.00231998,1.43929e-06,0.00119941,6.39948e-05,0,0,0.000959063,6.12954e-06,2.67332,0.00938386
57600,109851,103952,0.00231999,1.22711e-06,0.0011999,6.40456e-05,0,0,0.000956962,6.19221e-06,2.69992,0.00938385
58200,109851,103952,0.00231999,1.0277e-06,0.0012004,6.4097e-05,0,0,0.000954895,6.25425e-06,2.72497,0.00938384
58800,109851,103952,0.00231999,8.16809e-07,0.00120092,6.41491e-05,0,0,0.000952858,6.31503e-06,2.74851,0.00938383
59400,109851,103952,0.00231999,6.94483e-07,0.00120137,6.4202e-05,0,0,0.000950867,6.37597e-06,2.77072,0.00938382
60000,109851,103952,0.00231999,5.05015e-07,0.00120189,6.42554e-05,0,0,0.000948894,6.43573e-06,2.79227,0.00938381
60600,109851,103952,0.00231999,2.9076e-07,0.00120244,6.43094e-05,0,0,0.000946945,6.49437e-06,2.8131,0.0093838
61200,109851,103952,0.00231999,1.62762e-07,0.00120291,6.43643e-05,0,0,0.000945038,6.55297e-06,2.83298,0.0093838
61800,109851,103952,0.00231999,6.3977e-08,0.00120335,6.44201e-05,0,0,0.000943162,6.61094e-06,2.8519,0.00938379
62400,109851,103952,0.00231999,0,0.00120375,6.44766e-05,0,0,0.000941317,6.66829e-06,2.86947,0.00938378
63000,109851,103952,0.00231998,0,0.00120407,6.4534e-05,0,0,0.000939508,6.72558e-06,2.88528,0.00938377
63600,109851,103952,0.00231998,0,0.00120438,6.45922e-05,0,0,0.000937721,6.78201e-06,2.89948,0.00938376
64200,109851,103952,0.00231998,0,0.00120469,6.46512e-05,0,0,0.000935956,6.8375e-06,2.91197,0.00938375
64800,109851,103952,0.00231997,0,0.00120498,6.47109e-05,0,0,0.000934212,6.89209e-06,2.92277,0.00938375
65400,109851,103952,0.00231997,0,0.00120525,6.47715e-05,0,0,0.000932488,6.94626e-06,2.93198,0.00938374
66000,109851,103952,0.00231997,0,0.00120551,6.48328e-05,0,0,0.000930784,6.99999e-06,2.93982,0.00938373
66600,109851,103952,0.00231996,0,0.00120576,6.48949e-05,0,0,0.000929098,7.05292e-06,2.94652,0.00938372
67200,109851,103952,0.00231995,0,0.00120601,6.49578e-05,0,0,0.000927429,7.10506e-06,2.95223,0.00938372
67800,109851,103952,0.00231994,0,0.00120625,6.50215e-05,0,0,0.000925776,7.1564e-06,2.95671,0.00938371
68400,109851,103952,0.00231993,0,0.00120648,6.5086e-05,0,0,0.000924138,7.20689e-06,2.96008,0.0093837
69000,109851,103952,0.00231992,0,0.00120671,6.51513e-05,0,0,0.000922516,7.25671e-06,2.9624,0.00938369
69600,109851,103952,0.00231991,0,0.00120695,6.52174e-05,0,0,0.000920908,7.3062e-06,2.9639,0.00938368
70200,109851,103952,0.0023199,0,0.00120718,6.52843e-05,0,0,0.000919313,7.35492e-06,2.96461,0.00938368
70800,109851,103952,0.00231989,0,0.00120742,6.53521e-05,0,0,0.000917729,7.40285e-06,2.96452,0.00938367
71400,109851,103952,0.00231987,0,0.00120766,6.54205e-05,0,0,0.000916157,7.45001e-06,2.96378,0.00938366
72000,109851,103952,0.00231986,0,0.00120791,6.54899e-05,0,0,0.000914596,7.49645e-06,2.96244,0.00938365
72600,109851,103952,0.00231985,0,0.00120817,6.556e-05,0,0,0.000913044,7.5424e-06,2.96066,0.00938364
73200,109851,103952,0.00231983,0,0.00120844,6.5631e-05,0,0,0.000911501,7.5878e-06,2.95854,0.00938363
73800,109851,103952,0.00231981,0,0.00120872,6.57027e-05,0,0,0.000909965,7.63262e-06,2.95607,0.00938362
74400,109851,103952,0.0023198,0,0.001209,6.57752e-05,0,0,0.000908438,7.67698e-06,2.95336,0.00938362
75000,109851,103952,0.00231978,0,0.0012093,6.58485e-05,0,0,0.000906916,7.72064e-06,2.95025,0.00938361
75600,109851,103952,0.00231977,0,0.0012096,6.59225e-05,0,0,0.000905399,7.7636e-06,2.94681,0.0093836
76200,109851,103952,0.00231975,0,0.00120992,6.59974e-05,0,0,0.000903887,7.80587e-06,2.94307,0.00938359
76800,109851,103952,0.00231973,0,0.00121024,6.60731e-05,0,0,0.000902379,7.84745e-06,2.93901,0.00938358
77400,109851,103952,0.00231971,0,0.00121058,6.61495e-05,0,0,0.000900874,7.88834e-06,2.93466,0.00938357
78000,109851,103952,0.00231969,0,0.00121092,6.62267e-05,0,0,0.00089937,7.92856e-06,2.92998,0.00938356
78600,109851,103952,0.00231967,0,0.00121127,6.63048e-05,0,0,0.000897869,7.9681e-06,2.92488,0.00938355
79200,109851,103952,0.00231965,0,0.00121163,6.63836e-05,0,0,0.000896368,8.00695e-06,2.9193,0.00938354
79800,109851,103952,0.00231963,0,0.001212,6.64631e-05,0,0,0.000894868,8.04517e-06,2.91341,0.00938353
80400,109851,103952,0.00231961,0,0.00121238,6.65434e-05,0,0,0.000893367,8.08277e-06,2.90716,0.00938352
81000,109851,103952,0.00231959,0,0.00121277,6.66245e-05,0,0,0.000891866,8.11992e-06,2.90043,0.00938351
81600,109851,103952,0.00231957,0,0.00121316,6.67063e-05,0,0,0.000890365,8.15658e-06,2.89302,0.0093835
82200,109851,103952,0.00231955,0,0.00121356,6.67889e-05,0,0,0.000888862,8.19289e-06,2.88485,0.00938349
82800,109851,103952,0.00231952,0,0.00121397,6.68722e-05,0,0,0.000887358,8.22859e-06,2.87611,0.00938348
83400,109851,103952,0.0023195,0,0.00121438,6.69562e-05,0,0,0.000885852,8.26369e-06,2.86697,0.00938347
84000,109851,103952,0.00231948,0,0.0012148,6.7041e-05,0,0,0.000884344,8.2982e-06,2.85742,0.00938346
84600,109851,103952,0.00231946,0,0.00121522,6.71265e-05,0,0,0.000882834,8.33212e-06,2.84749,0.00938345
85200,109851,103952,0.00231943,0,0.00121565,6.72128e-05,0,0,0.000881323,8.36546e-06,2.83725,0.00938344
85800,109851,103952,0.00231941,0,0.00121609,6.72997e-05,0,0,0.000879811,8.39822e-06,2.82675,0.00938343
86400,109851,103952,0.00231939,0,0.00121653,6.73874e-05,0,0,0.000878297,8.4304e-06,2.81609,0.00938342
87000,109851,103952,0.00231936,0,0.00121698,6.74758e-05,0,0,0.000876784,8.46212e-06,2.80529,0.00938341
87600,109851,103952,0.00231934,0,0.00121743,6.75649e-05,0,0,0.00087527,8.4933e-06,2.79439,0.0093834
88200,109851,103952,0.00231931,0,0.00121788,6.76548e-05,0,0,0.000873756,8.52396e-06,2.78342,0.00938339
88800,109851,103952,0.00231928,0,0.00121834,6.77452e-05,0,0,0.000872247,8.55763e-06,2.77244,0.00938338
89400,109851,103952,0.00231925,0,0.0012188,6.78363e-05,0,0,0.000870749,8.59644e-06,2.76147,0.00938337
90000,109851,103952,0.00231923,0,0.00121926,6.79281e-05,0,0,0.000869253,8.63494e-06,2.75055,0.00938337
90600,109851,103952,0.0023192,0,0.00121972,6.80206e-05,0,0,0.00086776,8.67315e-06,2.73964,0.00938336
91200,109851,103952,0.00231917,0,0.00122018,6.81138e-05,0,0,0.000866269,8.71094e-06,2.72874,0.00938336
91800,109851,103952,0.00231915,0,0.00122065,6.82076e-05,0,0,0.000864783,8.74849e-06,2.7178,0.00938335
92400,109851,103952,0.00231912,0,0.00122111,6.83022e-05,0,0,0.0008633,8.78568e-06,2.70687,0.00938335
93000,109851,103952,0.00231909,0,0.00122156,6.83974e-05,0,0,0.000861821,8.82246e-06,2.69592,0.00938334
93600,109851,103952,0.00231906,0,0.001222,6.84932e-05,0,0,0.000860347,8.85882e-06,2.68497,0.00938334
94200,109851,103952,0.00231903,0,0.00122243,6.85897e-05,0,0,0.000858877,8.89493e-06,2.67401,0.00938334
94800,109851,103952,0.002319,0,0.00122283,6.86869e-05,0,0,0.000857413,8.93074e-06,2.66302,0.00938333
95400,109851,103952,0.00231897,0,0.00122319,6.87847e-05,0,0,0.000855955,8.96645e-06,2.65198,0.00938333
96000,109851,103952,0.00231894,0,0.00122352,6.88832e-05,0,0,0.000854503,9.00177e-06,2.64089,0.00938332
96600,109851,103952,0.00231891,0,0.0012238,6.89823e-05,0,0,0.000853057,9.03679e-06,2.62977,0.00938332
97200,109851,103952,0.00231888,0,0.00122401,6.9082e-05,0,0,0.000851618,9.07154e-06,2.61867,0.00938331
97800,109851,103952,0.00231885,0,0.00122417,6.91824e-05,0,0,0.000850186,9.10591e-06,2.60761,0.00938331
98400,109851,103952,0.00231882,0,0.00122426,6.92834e-05,0,0,0.00084876,9.13988e-06,2.59657,0.0093833
99000,109851,103952,0.00231879,0,0.00122428,6.9385e-05,0,0,0.000847342,9.17346e-06,2.58553,0.0093833
99600,109851,103952,0.00231876,0,0.00122423,6.94872e-05,0,0,0.000845931,9.20678e-06,2.57452,0.00938329
100200,109851,103952,0.00231872,0,0.00122413,6.959e-05,0,0,0.000844528,9.24009e-06,2.56354,0.00938329
100800,109851,103952,0.00231869,0,0.00122396,6.96935e-05,0,0,0.000843133,9.27316e-06,2.55261,0.00938328
101400,109851,103952,0.00231866,0,0.00122375,6.97975e-05,0,0,0.000841745,9.3059e-06,2.54179,0.00938328
102000,109851,103952,0.00231862,0,0.00122349,6.99022e-05,0,0,0.000840367,9.33837e-06,2.53106,0.00938328
102600,109851,103952,0.00231859,0,0.0012232,7.00074e-05,0,0,0.000838996,9.37054e-06,2.52045,0.00938327
103200,109851,103952,0.00231855,0,0.00122288,7.01132e-05,0,0,0.000837634,9.40255e-06,2.50992,0.00938327
103800,109851,103952,0.00231851,0,0.00122253,7.02196e-05,0,0,0.000836281,9.43438e-06,2.4995,0.00938326
104400,109851,103952,0.00231848,0,0.00122217,7.03266e-05,0,0,0.000834936,9.46587e-06,2.48914,0.00938326
105000,109851,103952,0.00231844,0,0.00122179,7.04341e-05,0,0,0.0008336,9.49702e-06,2.47886,0.00938325
105600,109851,103952,0.0023184,0,0.0012214,7.05423e-05,0,0,0.000832273,9.52801e-06,2.46869,0.00938325
106200,109851,103952,0.00231837,0,0.001221,7.06509e-05,0,0,0.000830955,9.55867e-06,2.45867,0.00938324
106800,109851,103952,0.00231833,0,0.0012206,7.07602e-05,0,0,0.000829646,9.58897e-06,2.44872,0.00938324
107400,109851,103952,0.00231829,0,0.00122019,7.087e-05,0,0,0.000828346,9.61895e-06,2.43886,0.00938323
108000,109851,103952,0.00231825,0,0.00121979,7.09803e-05,0,0,0.000827056,9.64873e-06,2.42908,0.00938323
108600,109851,103952,0.00231821,0,0.00121939,7.10912e-05,0,0,0.000825774,9.67831e-06,2.41935,0.00938322
109200,109851,103952,0.00231817,0,0.00121899,7.12027e-05,0,0,0.000824502,9.70753e-06,2.40967,0.00938322
109800,109851,103952,0.00231813,0,0.0012186,7.13146e-05,0,0,0.000823239,9.73643e-06,2.40009,0.00938321
110400,109851,103952,0.00231809,0,0.00121821,7.14271e-05,0,0,0.000821985,9.76501e-06,2.3906,0.00938321
111000,109851,103952,0.00231805,0,0.00121784,7.15401e-05,0,0,0.00082074,9.79323e-06,2.38117,0.0093832
111600,109851,103952,0.00231801,0,0.00121747,7.16537e-05,0,0,0.000819505,9.82113e-06,2.37179,0.00938319
112200,109851,103952,0.00231797,0,0.00121712,7.17678e-05,0,0,0.000818279,9.84869e-06,2.36243,0.00938319
112800,109851,103952,0.00231792,0,0.00121678,7.18823e-05,0,0,0.000817061,9.87594e-06,2.35311,0.00938318
113400,109851,103952,0.00231788,0,0.00121646,7.19974e-05,0,0,0.000815853,9.90321e-06,2.34383,0.00938318
114000,109851,103952,0.00231784,0,0.00121615,7.2113e-05,0,0,0.000814655,9.93021e-06,2.33458,0.00938317
114600,109851,103952,0.00231779,0,0.00121586,7.22291e-05,0,0,0.000813465,9.95695e-06,2.3254,0.00938317
115200,109851,103952,0.00231775,0,0.00121558,7.23457e-05,0,0,0.000812285,9.98345e-06,2.31623,0.00938316
115800,109851,103952,0.0023177,0,0.00121533,7.24628e-05,0,0,0.000811113,1.00098e-05,2.30708,0.00938316
116400,109851,103952,0.00231766,0,0.00121509,7.25803e-05,0,0,0.000809951,1.00359e-05,2.29796,0.00938315
117000,109851,103952,0.00231761,0,0.00121488,7.26984e-05,0,0,0.000808798,1.00618e-05,2.28888,0.00938314
117600,109851,103952,0.00231757,0,0.00121469,7.28169e-05,0,0,0.000807653,1.00874e-05,2.27988,0.00938314
118200,109851,103952,0.00231752,0,0.00121452,7.29359e-05,0,0,0.000806518,1.0113e-05,2.27094,0.00938313
118800,109851,103952,0.00231747,0,0.00121437,7.30553e-05,0,0,0.000805392,1.01383e-05,2.26207,0.00938313
119400,109851,103952,0.00231743,0,0.00121424,7.31752e-05,0,0,0.000804274,1.01634e-05,2.25328,0.00938312
120000,109851,103952,0.00231738,0,0.00121414,7.32956e-05,0,0,0.000803165,1.01881e-05,2.24453,0.00938312
120600,109851,103952,0.00231733,0,0.00121405,7.34164e-05,0,0,0.000802065,1.02126e-05,2.23583,0.00938311
121200,109851,103952,0.00231728,0,0.00121399,7.35377e-05,0,0,0.000800973,1.02368e-05,2.2272,0.0093831
121800,109851,103952,0.00231723,0,0.00121394,7.36594e-05,0,0,0.00079989,1.02607e-05,2.21863,0.0093831
122400,109851,103952,0.00231718,0,0.00121391,7.37816e-05,0,0,0.000798815,1.02843e-05,2.21013,0.00938309
123000,109851,103952,0.00231713,0,0.0012139,7.39042e-05,0,0,0.000797748,1.03076e-05,2.20171,0.00938309
123600,109851,103952,0.00231708,0,0.0012139,7.40273e-05,0,0,0.00079669,1.03306e-05,2.19335,0.00938308
124200,109851,103952,0.00231703,0,0.00121392,7.41507e-05,0,0,0.00079564,1.03534e-05,2.18508,0.00938307
124800,109851,103952,0.00231698,0,0.00121395,7.42746e-05,0,0,0.000794597,1.03759e-05,2.1769,0.00938307
125400,109851,103952,0.00231693,0,0.00121399,7.43989e-05,0,0,0.000793563,1.03983e-05,2.16877,0.00938306
126000,109851,103952,0.00231688,0,0.00121405,7.45237e-05,0,0,0.000792537,1.04205e-05,2.16072,0.00938306
126600,109851,103952,0.00231682,0,0.00121411,7.46488e-05,0,0,0.000791519,1.04425e-05,2.15272,0.00938305
127200,109851,103952,0.00231677,0,0.00121418,7.47744e-05,0,0,0.000790509,1.04643e-05,2.14481,0.00938304
127800,109851,103952,0.00231672,0,0.00121426,7.49003e-05,0,0,0.000789506,1.0486e-05,2.13695,0.00938304
128400,109851,103952,0.00231666,0,0.00121435,7.50267e-05,0,0,0.000788512,1.05075e-05,2.12914,0.00938303
129000,109851,103952,0.00231661,0,0.00121444,7.51534e-05,0,0,0.000787525,1.0529e-05,2.1214,0.00938302
129600,109851,103952,0.00231655,0,0.00121453,7.52806e-05,0,0,0.000786546,1.05503e-05,2.11374,0.00938302
130200,109851,103952,0.0023165,0,0.00121463,7.54081e-05,0,0,0.000785574,1.05712e-05,2.10615,0.00938301
130800,109851,103952,0.00231644,0,0.00121473,7.55361e-05,0,0,0.00078461,1.0592e-05,2.09861,0.009383
131400,109851,103952,0.00231639,0,0.00121484,7.56644e-05,0,0,0.000783652,1.06124e-05,2.09114,0.009383
132000,109851,103952,0.00231633,0,0.00121494,7.57931e-05,0,0,0.000782702,1.06328e-05,2.08374,0.00938299
132600,109851,103952,0.00231627,0,0.00121505,7.59221e-05,0,0,0.00078176,1.06533e-05,2.0764,0.00938298
133200,109851,103952,0.00231621,0,0.00121515,7.60515e-05,0,0,0.000780825,1.06741e-05,2.06914,0.00938298
133800,109851,103952,0.00231616,0,0.00121526,7.61813e-05,0,0,0.000779897,1.06947e-05,2.06197,0.00938297
134400,109851,103952,0.0023161,0,0.00121535,7.63115e-05,0,0,0.000778977,1.0715e-05,2.05489,0.00938297
135000,109851,103952,0.00231604,0,0.00121545,7.6442e-05,0,0,0.000778063,1.0735e-05,2.04789,0.00938296
135600,109851,103952,0.00231598,0,0.00121553,7.65729e-05,0,0,0.000777155,1.07549e-05,2.04097,0.00938295
136200,109851,103952,0.00231592,0,0.00121561,7.67041e-05,0,0,0.000776255,1.07747e-05,2.03415,0.00938294
136800,109851,103952,0.00231586,0,0.00121568,7.68356e-05,0,0,0.000775362,1.07944e-05,2.0274,0.00938294
137400,109851,103952,0.0023158,0,0.00121575,7.69675e-05,0,0,0.000774475,1.08139e-05,2.02073,0.00938293
138000,109851,103952,0.00231574,0,0.0012158,7.70998e-05,0,0,0.000773595,1.08331e-05,2.01414,0.00938293
138600,109851,103952,0.00231568,0,0.00121584,7.72323e-05,0,0,0.000772721,1.0852e-05,2.00763,0.00938292
139200,109851,103952,0.00231562,0,0.00121587,7.73653e-05,0,0,0.000771853,1.08706e-05,2.0012,0.00938291
139800,109851,103952,0.00231555,0,0.00121589,7.74985e-05,0,0,0.000770992,1.0889e-05,1.99483,0.00938291
140400,109851,103952,0.00231549,0,0.00121589,7.76321e-05,0,0,0.000770137,1.09074e-05,1.98854,0.0093829
141000,109851,103952,0.00231543,0,0.00121589,7.7766e-05,0,0,0.000769288,1.09255e-05,1.9823,0.00938289
141600,109851,103952,0.00231536,0,0.00121588,7.79002e-05,0,0,0.000768445,1.09433e-05,1.97614,0.00938288
142200,109851,103952,0.0023153,0,0.00121587,7.80347e-05,0,0,0.000767608,1.09608e-05,1.97005,0.00938288
142800,109851,103952,0.00231523,0,0.00121584,7.81696e-05,0,0,0.000766778,1.09781e-05,1.96402,0.00938287
143400,109851,103952,0.00231517,0,0.00121581,7.83047e-05,0,0,0.000765953,1.09953e-05,1.95804,0.00938286
144000,109851,103952,0.0023151,0,0.00121577,7.84402e-05,0,0,0.000765134,1.10123e-05,1.95212,0.00938286
144600,109851,103952,0.00231504,0,0.00121572,7.85759e-05,0,0,0.000764321,1.10291e-05,1.94624,0.00938285
145200,109851,103952,0.00231497,0,0.00121567,7.8712e-05,0,0,0.000763514,1.10455e-05,1.94043,0.00938284
145800,109851,103952,0.0023149,0,0.00121562,7.88484e-05,0,0,0.000762712,1.10616e-05,1.93467,0.00938283
146400,109851,103952,0.00231483,0,0.00121556,7.89851e-05,0,0,0.000761916,1.10774e-05,1.92896,0.00938283
147000,109851,103952,0.00231477,0,0.0012155,7.9122e-05,0,0,0.000761125,1.10929e-05,1.92331,0.00938282
147600,109851,103952,0.0023147,0,0.00121543,7.92593e-05,0,0,0.000760339,1.11082e-05,1.91772,0.00938281
148200,109851,103952,0.00231463,0,0.00121537,7.93968e-05,0,0,0.000759559,1.11231e-05,1.91218,0.0093828
148800,109851,103952,0.00231456,0,0.0012153,7.95347e-05,0,0,0.000758784,1.11377e-05,1.90669,0.00938279
149400,109851,103952,0.00231449,0,0.00121524,7.96728e-05,0,0,0.000758015,1.11519e-05,1.90126,0.00938278
150000,109851,103952,0.00231442,0,0.00121517,7.98112e-05,0,0,0.00075725,1.11658e-05,1.89589,0.00938278
150600,109851,103952,0.00231435,0,0.00121511,7.99499e-05,0,0,0.00075649,1.11795e-05,1.89058,0.00938277
151200,109851,103952,0.00231428,0,0.00121504,8.00888e-05,0,0,0.000755736,1.11927e-05,1.88532,0.00938276
151800,109851,103952,0.00231421,0,0.00121498,8.02281e-05,0,0,0.000754986,1.12053e-05,1.88012,0.00938275
152400,109851,103952,0.00231413,0,0.00121492,8.03676e-05,0,0,0.00075424,1.12172e-05,1.87497,0.00938274
153000,109851,103952,0.00231406,0,0.00121486,8.05074e-05,0,0,0.000753499,1.12285e-05,1.86987,0.00938273
153600,109851,103952,0.00231399,0,0.00121481,8.06474e-05,0,0,0.000752762,1.12391e-05,1.86481,0.00938272
154200,109851,103952,0.00231392,0,0.00121476,8.07878e-05,0,0,0.000752028,1.12486e-05,1.8598,0.00938271
154800,109851,103952,0.00231384,0,0.00121472,8.09284e-05,0,0,0.000751298,1.12573e-05,1.85484,0.0093827
155400,109851,103952,0.00231377,0,0.00121468,8.10693e-05,0,0,0.000750575,1.12682e-05,1.84993,0.00938269
156000,109851,103952,0.00231369,0,0.00121465,8.12105e-05,0,0,0.000749857,1.12783e-05,1.84507,0.00938267
156600,109851,103952,0.00231362,0,0.00121462,8.1352e-05,0,0,0.000749143,1.12879e-05,1.84025,0.00938266
157200,109851,103952,0.00231354,0,0.0012146,8.14937e-05,0,0,0.000748434,1.12979e-05,1.83548,0.00938265
157800,109851,103952,0.00231346,0,0.00121459,8.16357e-05,0,0,0.000747731,1.13088e-05,1.83076,0.00938264
158400,109851,103952,0.00231338,0,0.00121458,8.17781e-05,0,0,0.000747034,1.13203e-05,1.82607,0.00938263
159000,109851,103952,0.00231331,0,0.00121458,8.19207e-05,0,0,0.000746341,1.13313e-05,1.82143,0.00938262
159600,109851,103952,0.00231323,0,0.00121458,8.20635e-05,0,0,0.000745653,1.13424e-05,1.81681,0.00938261
160200,109851,103952,0.00231315,0,0.0012146,8.22066e-05,0,0,0.00074497,1.13538e-05,1.81225,0.0093826
160800,109851,103952,0.00231307,0,0.00121462,8.235e-05,0,0,0.000744291,1.13649e-05,1.80772,0.00938259
161400,109851,103952,0.00231299,0,0.00121465,8.24936e-05,0,0,0.000743616,1.13757e-05,1.80323,0.00938258
162000,109851,103952,0.00231291,0,0.00121468,8.26375e-05,0,0,0.000742945,1.13862e-05,1.79878,0.00938257
162600,109851,103952,0.00231283,0,0.00121473,8.27817e-05,0,0,0.000742279,1.1397e-05,1.79436,0.00938256
163200,109851,103952,0.00231275,0,0.00121478,8.29261e-05,0,0,0.000741617,1.14074e-05,1.78999,0.00938255
163800,109851,103952,0.00231267,0,0.00121485,8.30707e-05,0,0,0.00074096,1.14176e-05,1.78566,0.00938254
164400,109851,103952,0.00231258,0,0.00121492,8.32156e-05,0,0,0.000740306,1.14275e-05,1.78137,0.00938253
165000,109851,103952,0.0023125,0,0.001215,8.33608e-05,0,0,0.000739656,1.14372e-05,1.77712,0.00938252
165600,109851,103952,0.00231242,0,0.00121508,8.35062e-05,0,0,0.00073901,1.14467e-05,1.77291,0.00938251
166200,109851,103952,0.00231233,0,0.00121518,8.36519e-05,0,0,0.000738369,1.1456e-05,1.76874,0.0093825
166800,109851,103952,0.00231225,0,0.00121528,8.37978e-05,0,0,0.000737731,1.14651e-05,1.76461,0.00938249
167400,109851,103952,0.00231216,0,0.0012154,8.39439e-05,0,0,0.000737096,1.14739e-05,1.76051,0.00938248
168000,109851,103952,0.00231208,0,0.00121552,8.40903e-05,0,0,0.000736466,1.14827e-05,1.75646,0.00938246
168600,109851,103952,0.00231199,0,0.00121564,8.4237e-05,0,0,0.00073584,1.14912e-05,1.75244,0.00938245
169200,109851,103952,0.00231191,0,0.00121578,8.43839e-05,0,0,0.000735217,1.14994e-05,1.74844,0.00938244
169800,109851,103952,0.00231182,0,0.00121593,8.4531e-05,0,0,0.000734598,1.15073e-05,1.74449,0.00938243
170400,109851,103952,0.00231173,0,0.00121608,8.46785e-05,0,0,0.000733982,1.15149e-05,1.74056,0.00938242
171000,109851,103952,0.00231164,0,0.00121624,8.48261e-05,0,0,0.000733369,1.15222e-05,1.73666,0.00938241
171600,109851,103952,0.00231156,0,0.00121641,8.4974e-05,0,0,0.00073276,1.15292e-05,1.7328,0.00938239
172200,109851,103952,0.00231147,0,0.00121659,8.51222e-05,0,0,0.000732155,1.15359e-05,1.72897,0.00938238
172800,109851,103952,0.00231138,0,0.00121678,8.52706e-05,0,0,0.000731553,1.15426e-05,1.72517,0.00938237
173400,109851,103952,0.00231129,0,0.00121697,8.54192e-05,0,0,0.000730955,1.15491e-05,1.72139,0.00938236
174000,109851,103952,0.00231119,0,0.00121717,8.55681e-05,0,0,0.00073036,1.15554e-05,1.71765,0.00938234
174600,109851,103952,0.0023111,0,0.00121738,8.57172e-05,0,0,0.000729768,1.15613e-05,1.71393,0.00938233
175200,109851,103952,0.00231101,0,0.00121759,8.58666e-05,0,0,0.000729179,1.15669e-05,1.71024,0.00938232
175800,109851,103952,0.00231092,0,0.00121781,8.60162e-05,0,0,0.000728594,1.15721e-05,1.70657,0.0093823
176400,109851,103952,0.00231083,0,0.00121804,8.61661e-05,0,0,0.000728011,1.15771e-05,1.70293,0.00938229
177000,109851,103952,0.00231073,0,0.00121828,8.63162e-05,0,0,0.000727432,1.15817e-05,1.69932,0.00938227
177600,109851,103952,0.00231064,0,0.00121852,8.64665e-05,0,0,0.000726855,1.15859e-05,1.69573,0.00938226
178200,109851,103952,0.00231054,0,0.00121877,8.66171e-05,0,0,0.000726281,1.15899e-05,1.69217,0.00938225
178800,109851,103952,0.00231045,0,0.00121902,8.67679e-05,0,0,0.000725711,1.15935e-05,1.68864,0.00938223
179400,109851,103952,0.00231035,0,0.00121928,8.6919e-05,0,0,0.000725144,1.15971e-05,1.68514,0.00938222
180000,109851,103952,0.00231025,0,0.00121955,8.70703e-05,0,0,0.000724579,1.16003e-05,1.68166,0.0093822
180600,109851,103952,0.00231016,0,0.00121982,8.72218e-05,0,0,0.000724017,1.16031e-05,1.67822,0.00938219
181200,109851,103952,0.00231006,0,0.0012201,8.73736e-05,0,0,0.000723459,1.16059e-05,1.6748,0.00938218
181800,109851,103952,0.00230996,0,0.00122039,8.75256e-05,0,0,0.000722903,1.16082e-05,1.67141,0.00938216
182400,109851,103952,0.00230986,0,0.00122068,8.76779e-05,0,0,0.00072235,1.16102e-05,1.66805,0.00938214
183000,109851,103952,0.00230976,0,0.00122097,8.78303e-05,0,0,0.000721799,1.16119e-05,1.66471,0.00938213
183600,109851,103952,0.00230966,0,0.00122127,8.7983e-05,0,0,0.000721251,1.16132e-05,1.66141,0.00938211
184200,109851,103952,0.00230956,0,0.00122158,8.8136e-05,0,0,0.000720706,1.16141e-05,1.65814,0.0093821
184800,109851,103952,0.00230946,0,0.00122189,8.82891e-05,0,0,0.000720163,1.16146e-05,1.65489,0.00938208
185400,109851,103952,0.00230936,0,0.00122221,8.84425e-05,0,0,0.000719623,1.16147e-05,1.65166,0.00938207
186000,109851,103952,0.00230926,0,0.00122253,8.85961e-05,0,0,0.000719085,1.16145e-05,1.64846,0.00938205
186600,109851,103952,0.00230915,0,0.00122285,8.875e-05,0,0,0.00071855,1.16139e-05,1.64529,0.00938203
187200,109851,103952,0.00230905,0,0.00122318,8.8904e-05,0,0,0.000718017,1.1613e-05,1.64213,0.00938201
187800,109851,103952,0.00230895,0,0.00122352,8.90583e-05,0,0,0.000717486,1.16115e-05,1.63901,0.009382
188400,109851,103952,0.00230884,0,0.00122386,8.92128e-05,0,0,0.000716958,1.16097e-05,1.63591,0.00938198
189000,109851,103952,0.00230874,0,0.0012242,8.93675e-05,0,0,0.000716432,1.16075e-05,1.63284,0.00938196
189600,109851,103952,0.00230863,0,0.00122455,8.95225e-05,0,0,0.000715908,1.16048e-05,1.6298,0.00938194
190200,109851,103952,0.00230852,0,0.0012249,8.96776e-05,0,0,0.000715387,1.16016e-05,1.62678,0.00938192
190800,109851,103952,0.00230841,0,0.00122525,8.9833e-05,0,0,0.000714867,1.15979e-05,1.62379,0.0093819
191400,109851,103952,0.00230831,0,0.00122561,8.99886e-05,0,0,0.00071435,1.15938e-05,1.62082,0.00938188
192000,109851,103952,0.0023082,0,0.00122598,9.01444e-05,0,0,0.000713835,1.15892e-05,1.61787,0.00938186
192600,109851,103952,0.00230809,0,0.00122634,9.03004e-05,0,0,0.000713321,1.15841e-05,1.61495,0.00938184
193200,109851,103952,0.00230798,0,0.00122671,9.04566e-05,0,0,0.00071281,1.15784e-05,1.61204,0.00938182
193800,109851,103952,0.00230787,0,0.00122709,9.0613e-05,0,0,0.0007123,1.15722e-05,1.60916,0.0093818
194400,109851,103952,0.00230776,0,0.00122747,9.07696e-05,0,0,0.000711793,1.15655e-05,1.60629,0.00938178
195000,109851,103952,0.00230764,0,0.00122785,9.09264e-05,0,0,0.000711287,1.15583e-05,1.60345,0.00938176
195600,109851,103952,0.00230753,0,0.00122823,9.10834e-05,0,0,0.000710783,1.15505e-05,1.60062,0.00938173
196200,109851,103952,0.00230742,0,0.00122862,9.12406e-05,0,0,0.00071028,1.15422e-05,1.59781,0.00938171
196800,109851,103952,0.0023073,0,0.00122901,9.1398e-05,0,0,0.00070978,1.15332e-05,1.59502,0.00938169
197400,109851,103952,0.00230719,0,0.00122941,9.15556e-05,0,0,0.00070928,1.15236e-05,1.59225,0.00938166
198000,109851,103952,0.00230708,0,0.0012298,9.17134e-05,0,0,0.000708782,1.15134e-05,1.58949,0.00938164
198600,109851,103952,0.00230696,0,0.0012302,9.18714e-05,0,0,0.000708286,1.15026e-05,1.58675,0.00938161
199200,109851,103952,0.00230684,0,0.00123061,9.20295e-05,0,0,0.000707791,1.1491e-05,1.58403,0.00938159
199800,109850,103952,0.00230672,0,0.00123101,9.21878e-05,0,0,0.000707298,1.14788e-05,1.58132,0.00938156
200400,109850,103952,0.00230661,0,0.00123142,9.23463e-05,0,0,0.000706805,1.14658e-05,1.57864,0.00938153
201000,109850,103952,0.00230649,0,0.00123184,9.25051e-05,0,0,0.000706314,1.14524e-05,1.57596,0.00938151
201600,109850,103952,0.00230637,0,0.00123225,9.26639e-05,0,0,0.000705824,1.14382e-05,1.57331,0.00938148
202200,109850,103952,0.00230625,0,0.00123267,9.2823e-05,0,0,0.000705336,1.14231e-05,1.57067,0.00938145
202800,109850,103952,0.00230613,0,0.00123309,9.29822e-05,0,0,0.000704847,1.14071e-05,1.56805,0.00938142
203400,109850,103952,0.00230601,0,0.00123352,9.31416e-05,0,0,0.00070436,1.13899e-05,1.56545,0.00938139
204000,109850,103952,0.00230588,0,0.00123394,9.33012e-05,0,0,0.000703872,1.13715e-05,1.56286,0.00938136
204600,109850,103952,0.00230576,0,0.00123437,9.34609e-05,0,0,0.000703385,1.1352e-05,1.56029,0.00938133
205200,109850,103952,0.00230563,0,0.00123481,9.36208e-05,0,0,0.000702899,1.13325e-05,1.55773,0.0093813
205800,109851,103952,0.0023055,0,0.00123525,9.3781e-05,0,0,0.000702427,1.13207e-05,1.55519,0.00938127
206400,109851,103952,0.00230537,0,0.00123568,9.39416e-05,0,0,0.000701965,1.13125e-05,1.55266,0.00938125
207000,109851,103952,0.00230524,0,0.00123612,9.41023e-05,0,0,0.000701505,1.13043e-05,1.55015,0.00938123
207600,109851,103952,0.00230511,0,0.00123655,9.42633e-05,0,0,0.000701048,1.12965e-05,1.54765,0.00938121
208200,109851,103952,0.00230498,0,0.00123699,9.44245e-05,0,0,0.000700594,1.12896e-05,1.54516,0.00938119
208800,109851,103952,0.00230485,0,0.00123743,9.45859e-05,0,0,0.000700143,1.12835e-05,1.5427,0.00938117
209400,109851,103952,0.00230472,0,0.00123788,9.47475e-05,0,0,0.000699695,1.12777e-05,1.54024,0.00938115
210000,109851,103952,0.00230459,0,0.00123832,9.49094e-05,0,0,0.000699251,1.12733e-05,1.5378,0.00938113
210600,109851,103952,0.00230445,0,0.00123877,9.50715e-05,0,0,0.000698811,1.12698e-05,1.53538,0.00938111
211200,109851,103952,0.00230432,0,0.00123921,9.52337e-05,0,0,0.000698375,1.12676e-05,1.53297,0.00938109
211800,109851,103952,0.00230419,0,0.00123966,9.53962e-05,0,0,0.000697941,1.1265e-05,1.53058,0.00938107
212400,109851,103952,0.00230405,0,0.00124011,9.55588e-05,0,0,0.000697509,1.12626e-05,1.5282,0.00938105
213000,109851,103952,0.00230391,0,0.00124056,9.57216e-05,0,0,0.000697079,1.12605e-05,1.52584,0.00938104
213600,109851,103952,0.00230378,0,0.00124101,9.58845e-05,0,0,0.000696651,1.12579e-05,1.52349,0.00938102
214200,109851,103952,0.00230364,0,0.00124147,9.60476e-05,0,0,0.000696225,1.12554e-05,1.52115,0.009381
214800,109851,103952,0.0023035,0,0.00124192,9.62108e-05,0,0,0.000695802,1.12537e-05,1.51883,0.00938098
215400,109851,103952,0.00230336,0,0.00124238,9.63742e-05,0,0,0.000695381,1.12522e-05,1.51653,0.00938097
216000,109851,103952,0.00230322,0,0.00124284,9.65378e-05,0,0,0.000694961,1.12501e-05,1.51424,0.00938095
216600,109851,103952,0.00230308,0,0.0012433,9.67015e-05,0,0,0.000694543,1.12476e-05,1.51196,0.00938093
217200,109851,103952,0.00230294,0,0.00124376,9.68654e-05,0,0,0.000694126,1.12449e-05,1.5097,0.00938091
217800,109851,103952,0.0023028,0,0.00124423,9.70293e-05,0,0,0.00069371,1.12422e-05,1.50745,0.00938089
218400,109851,103952,0.00230265,0,0.00124469,9.71934e-05,0,0,0.000693296,1.12389e-05,1.50522,0.00938087
219000,109851,103952,0.00230251,0,0.00124516,9.73577e-05,0,0,0.000692884,1.1236e-05,1.503,0.00938086
219600,109851,103952,0.00230236,0,0.00124563,9.75221e-05,0,0,0.000692475,1.12339e-05,1.5008,0.00938084
220200,109851,103952,0.00230221,0,0.0012461,9.76866e-05,0,0,0.000692067,1.12316e-05,1.49861,0.00938082
220800,109851,103952,0.00230206,0,0.00124658,9.78513e-05,0,0,0.000691662,1.12294e-05,1.49644,0.0093808
221400,109851,103952,0.00230191,0,0.00124705,9.80161e-05,0,0,0.000691259,1.12277e-05,1.49428,0.00938078
222000,109851,103952,0.00230176,0,0.00124753,9.8181e-05,0,0,0.000690858,1.12262e-05,1.49214,0.00938077
222600,109851,103952,0.00230161,0,0.00124801,9.83461e-05,0,0,0.00069046,1.12249e-05,1.49001,0.00938075
223200,109851,103952,0.00230146,0,0.00124848,9.85113e-05,0,0,0.000690062,1.12232e-05,1.48789,0.00938073
223800,109851,103952,0.00230131,0,0.00124896,9.86766e-05,0,0,0.000689666,1.12214e-05,1.48579,0.00938071
224400,109851,103952,0.00230116,0,0.00124945,9.8842e-05,0,0,0.000689271,1.12194e-05,1.48371,0.0093807
225000,109851,103952,0.002301,0,0.00124993,9.90075e-05,0,0,0.000688878,1.12174e-05,1.48163,0.00938068
225600,109851,103952,0.00230084,0,0.00125041,9.91731e-05,0,0,0.000688487,1.12151e-05,1.47958,0.00938066
226200,109851,103952,0.00230069,0,0.0012509,9.93389e-05,0,0,0.000688097,1.1213e-05,1.47753,0.00938064
226800,109851,103952,0.00230053,0,0.00125139,9.95048e-05,0,0,0.000687709,1.12111e-05,1.4755,0.00938062
227400,109851,103952,0.00230037,0,0.00125188,9.96707e-05,0,0,0.000687322,1.12093e-05,1.47349,0.00938061
228000,109851,103952,0.00230021,0,0.00125237,9.98368e-05,0,0,0.000686938,1.12078e-05,1.47149,0.00938059
228600,109851,103952,0.00230005,0,0.00125286,0.000100003,0,0,0.000686556,1.12063e-05,1.4695,0.00938057
229200,109851,103952,0.00229988,0,0.00125336,0.000100169,0,0,0.000686174,1.12045e-05,1.46752,0.00938055
229800,109851,103952,0.00229972,0,0.00125385,0.000100336,0,0,0.000685794,1.12026e-05,1.46556,0.00938053
230400,109851,103952,0.00229956,0,0.00125435,0.000100502,0,0,0.000685415,1.12005e-05,1.46361,0.00938052
231000,109851,103952,0.00229939,0,0.00125485,0.000100669,0,0,0.000685037,1.11982e-05,1.46167,0.0093805
231600,109851,103952,0.00229921,0,0.00125536,0.000100836,0,0,0.000684673,1.12039e-05,1.45975,0.00938049
232200,109851,103952,0.00229904,0,0.00125586,0.000101003,0,0,0.000684317,1.12123e-05,1.45783,0.00938048
232800,109851,103952,0.00229887,0,0.00125636,0.00010117,0,0,0.000683963,1.12205e-05,1.45592,0.00938047
233400,109851,103952,0.0022987,0,0.00125686,0.000101338,0,0,0.00068361,1.12286e-05,1.45403,0.00938046
234000,109851,103952,0.00229853,0,0.00125736,0.000101505,0,0,0.000683258,1.12366e-05,1.45215,0.00938046
234600,109851,103952,0.00229836,0,0.00125786,0.000101673,0,0,0.000682907,1.12446e-05,1.45028,0.00938045
235200,109851,103952,0.00229818,0,0.00125837,0.00010184,0,0,0.000682558,1.12526e-05,1.44842,0.00938044
235800,109851,103952,0.00229801,0,0.00125887,0.000102008,0,0,0.00068221,1.12604e-05,1.44657,0.00938043
236400,109851,103952,0.00229783,0,0.00125938,0.000102176,0,0,0.000681863,1.12682e-05,1.44473,0.00938042
237000,109851,103952,0.00229765,0,0.00125989,0.000102344,0,0,0.000681518,1.12758e-05,1.44291,0.00938041
237600,109851,103952,0.00229747,0,0.0012604,0.000102511,0,0,0.000681173,1.12833e-05,1.4411,0.0093804
238200,109851,103952,0.00229729,0,0.00126091,0.000102679,0,0,0.00068083,1.12904e-05,1.43929,0.0093804
238800,109851,103952,0.00229711,0,0.00126143,0.000102847,0,0,0.000680487,1.12973e-05,1.4375,0.00938039
239400,109851,103952,0.00229692,0,0.00126194,0.000103016,0,0,0.000680145,1.13043e-05,1.43572,0.00938038
240000,109851,103952,0.00229674,0,0.00126246,0.000103184,0,0,0.000679806,1.13114e-05,1.43396,0.00938037
240600,109851,103952,0.00229655,0,0.00126298,0.000103352,0,0,0.000679467,1.13182e-05,1.4322,0.00938036
241200,109851,103952,0.00229636,0,0.0012635,0.00010352,0,0,0.000679128,1.13247e-05,1.43045,0.00938035
241800,109851,103952,0.00229617,0,0.00126403,0.000103689,0,0,0.000678791,1.13313e-05,1.42872,0.00938034
242400,109851,103952,0.00229598,0,0.00126455,0.000103857,0,0,0.000678456,1.13381e-05,1.42699,0.00938033
243000,109851,103952,0.00229579,0,0.00126508,0.000104026,0,0,0.000678122,1.1345e-05,1.42527,0.00938032
243600,109851,103952,0.0022956,0,0.00126561,0.000104194,0,0,0.000677789,1.13516e-05,1.42357,0.00938031
244200,109851,103952,0.0022954,0,0.00126614,0.000104363,0,0,0.000677458,1.13586e-05,1.42187,0.0093803
244800,109851,103952,0.0022952,0,0.00126667,0.000104531,0,0,0.000677129,1.1366e-05,1.42019,0.00938029
245400,109851,103952,0.002295,0,0.0012672,0.0001047,0,0,0.000676801,1.13735e-05,1.41851,0.00938028
246000,109851,103952,0.0022948,0,0.00126774,0.000104869,0,0,0.000676474,1.13811e-05,1.41685,0.00938027
246600,109851,103952,0.0022946,0,0.00126827,0.000105038,0,0,0.000676149,1.13886e-05,1.41519,0.00938026
247200,109851,103952,0.0022944,0,0.00126881,0.000105207,0,0,0.000675825,1.1396e-05,1.41355,0.00938025
247800,109851,103952,0.00229419,0,0.00126935,0.000105376,0,0,0.000675501,1.14033e-05,1.41191,0.00938025
248400,109851,103952,0.00229399,0,0.00126989,0.000105545,0,0,0.000675179,1.14108e-05,1.41029,0.00938024
249000,109851,103952,0.00229378,0,0.00127044,0.000105714,0,0,0.000674858,1.14183e-05,1.40867,0.00938023
249600,109851,103952,0.00229357,0,0.00127098,0.000105883,0,0,0.000674538,1.14255e-05,1.40707,0.00938022
250200,109851,103952,0.00229336,0,0.00127153,0.000106052,0,0,0.000674219,1.14326e-05,1.40548,0.00938021
250800,109851,103952,0.00229315,0,0.00127208,0.000106221,0,0,0.0006739,1.14396e-05,1.40389,0.0093802
251400,109851,103952,0.00229293,0,0.00127263,0.000106391,0,0,0.000673583,1.14467e-05,1.40232,0.00938019
252000,109851,103952,0.00229272,0,0.00127319,0.00010656,0,0,0.000673267,1.14539e-05,1.40075,0.00938018
252600,109851,103952,0.0022925,0,0.00127374,0.000106729,0,0,0.000672952,1.14613e-05,1.3992,0.00938017
253200,109851,103952,0.00229228,0,0.0012743,0.000106899,0,0,0.000672639,1.14687e-05,1.39765,0.00938017
253800,109851,103952,0.00229205,0,0.00127486,0.000107068,0,0,0.000672327,1.14761e-05,1.39611,0.00938016
254400,109851,103952,0.00229183,0,0.00127542,0.000107238,0,0,0.000672015,1.14833e-05,1.39459,0.00938015
255000,109851,103952,0.00229161,0,0.00127598,0.000107407,0,0,0.000671704,1.14904e-05,1.39307,0.00938014
255600,109851,103952,0.00229138,0,0.00127654,0.000107577,0,0,0.000671393,1.14973e-05,1.39156,0.00938013
256200,109851,103952,0.00229115,0,0.00127711,0.000107746,0,0,0.000671084,1.15041e-05,1.39006,0.00938012
256800,109851,103952,0.00229092,0,0.00127768,0.000107916,0,0,0.000670775,1.15111e-05,1.38857,0.00938011
257400,109851,103952,0.00229069,0,0.00127825,0.000108085,0,0,0.000670468,1.1518e-05,1.3871,0.0093801
258000,109851,103952,0.00229045,0,0.00127883,0.000108255,0,0,0.000670161,1.15249e-05,1.38563,0.00938009
258600,109851,103952,0.00229021,0,0.0012794,0.000108425,0,0,0.000669856,1.15318e-05,1.38417,0.00938008
259200,109851,103952,0.00228997,0,0.00127998,0.000108594,0,0,0.000669551,1.15388e-05,1.38272,0.00938008
259800,109851,103952,0.00228973,0,0.00128056,0.000108764,0,0,0.000669247,1.15456e-05,1.38128,0.00938007
260400,109851,103952,0.00228949,0,0.00128114,0.000108934,0,0,0.000668944,1.15522e-05,1.37985,0.00938006
261000,109851,103952,0.00228924,0,0.00128173,0.000109104,0,0,0.000668641,1.15585e-05,1.37842,0.00938005
261600,109851,103952,0.002289,0,0.00128231,0.000109273,0,0,0.000668338,1.15646e-05,1.37701,0.00938004
262200,109851,103952,0.00228875,0,0.0012829,0.000109443,0,0,0.000668036,1.15706e-05,1.37561,0.00938003
262800,109851,103952,0.0022885,0,0.0012835,0.000109613,0,0,0.000667735,1.15765e-05,1.37422,0.00938002
263400,109851,103952,0.00228824,0,0.00128409,0.000109783,0,0,0.000667434,1.15821e-05,1.37283,0.00938001
264000,109851,103952,0.00228798,0,0.00128469,0.000109953,0,0,0.000667134,1.15881e-05,1.37146,0.00938
264600,109851,103952,0.00228772,0,0.00128529,0.000110122,0,0,0.000666835,1.15938e-05,1.37009,0.00937999
265200,109851,103952,0.00228746,0,0.00128589,0.000110292,0,0,0.000666536,1.15991e-05,1.36874,0.00937997
265800,109851,103952,0.0022872,0,0.00128649,0.000110462,0,0,0.000666237,1.16041e-05,1.36739,0.00937996
266400,109851,103952,0.00228693,0,0.0012871,0.000110632,0,0,0.000665939,1.16089e-05,1.36605,0.00937995
267000,109851,103952,0.00228667,0,0.00128771,0.000110802,0,0,0.00066564,1.16133e-05,1.36472,0.00937994
267600,109851,103952,0.00228639,0,0.00128832,0.000110972,0,0,0.000665342,1.16174e-05,1.36341,0.00937993
268200,109851,103952,0.00228612,0,0.00128893,0.000111142,0,0,0.000665044,1.16212e-05,1.3621,0.00937992
268800,109851,103952,0.00228584,0,0.00128955,0.000111311,0,0,0.000664747,1.1625e-05,1.36079,0.0093799
269400,109851,103952,0.00228557,0,0.00129017,0.000111481,0,0,0.00066445,1.16285e-05,1.3595,0.00937989
270000,109851,103952,0.00228528,0,0.00129079,0.000111651,0,0,0.000664153,1.16318e-05,1.35822,0.00937988
270600,109851,103952,0.002285,0,0.00129142,0.000111821,0,0,0.000663857,1.1635e-05,1.35694,0.00937987
271200,109851,103952,0.00228471,0,0.00129205,0.000111991,0,0,0.000663561,1.16378e-05,1.35568,0.00937985
271800,109851,103952,0.00228443,0,0.00129268,0.000112161,0,0,0.000663265,1.16403e-05,1.35442,0.00937984
272400,109851,103952,0.00228413,0,0.00129332,0.00011233,0,0,0.000662968,1.16425e-05,1.35317,0.00937983
273000,109851,103952,0.00228384,0,0.00129396,0.0001125,0,0,0.000662675,1.16462e-05,1.35193,0.00937982
273600,109851,103952,0.00228354,0,0.0012946,0.00011267,0,0,0.000662383,1.16499e-05,1.3507,0.0093798
274200,109851,103952,0.00228324,0,0.00129524,0.00011284,0,0,0.000662093,1.16547e-05,1.34948,0.00937979
274800,109851,103952,0.00228293,0,0.00129589,0.00011301,0,0,0.000661804,1.16595e-05,1.34826,0.00937978
275400,109851,103952,0.00228263,0,0.00129654,0.00011318,0,0,0.000661515,1.16642e-05,1.34705,0.00937977
276000,109851,103952,0.00228232,0,0.00129719,0.00011335,0,0,0.000661226,1.16686e-05,1.34585,0.00937976
276600,109851,103952,0.002282,0,0.00129785,0.00011352,0,0,0.000660938,1.16729e-05,1.34466,0.00937975
277200,109851,103952,0.00228169,0,0.00129851,0.00011369,0,0,0.00066065,1.16772e-05,1.34348,0.00937974
277800,109851,103952,0.00228137,0,0.00129918,0.00011386,0,0,0.000660363,1.16813e-05,1.3423,0.00937972
278400,109851,103952,0.00228104,0,0.00129984,0.00011403,0,0,0.000660075,1.16852e-05,1.34113,0.00937971
279000,109851,103952,0.00228072,0,0.00130052,0.0001142,0,0,0.000659789,1.16892e-05,1.33997,0.0093797
279600,109851,103952,0.00228039,0,0.00130119,0.00011437,0,0,0.000659502,1.16931e-05,1.33882,0.00937969
280200,109851,103952,0.00228005,0,0.00130187,0.00011454,0,0,0.000659216,1.16967e-05,1.33767,0.00937967
280800,109851,103952,0.00227972,0,0.00130255,0.00011471,0,0,0.00065893,1.17002e-05,1.33653,0.00937966
281400,109851,103952,0.00227938,0,0.00130324,0.00011488,0,0,0.000658644,1.17034e-05,1.3354,0.00937965
282000,109851,103952,0.00227903,0,0.00130393,0.00011505,0,0,0.000658359,1.17066e-05,1.33428,0.00937964
282600,109851,103952,0.00227869,0,0.00130462,0.00011522,0,0,0.000658073,1.17097e-05,1.33316,0.00937962
283200,109851,103952,0.00227834,0,0.00130532,0.00011539,0,0,0.000657788,1.17126e-05,1.33205,0.00937961
283800,109851,103952,0.00227798,0,0.00130602,0.00011556,0,0,0.000657503,1.17152e-05,1.33095,0.0093796
284400,109851,103952,0.00227762,0,0.00130673,0.00011573,0,0,0.000657218,1.17177e-05,1.32986,0.00937958
285000,109851,103952,0.00227726,0,0.00130744,0.0001159,0,0,0.000656933,1.17199e-05,1.32877,0.00937957
285600,109851,103952,0.00227689,0,0.00130815,0.00011607,0,0,0.000656648,1.17221e-05,1.3277,0.00937956
286200,109851,103952,0.00227652,0,0.00130887,0.00011624,0,0,0.000656364,1.17243e-05,1.32663,0.00937954
286800,109851,103952,0.00227614,0,0.00130959,0.000116409,0,0,0.00065608,1.17264e-05,1.32556,0.00937953
287400,109851,103952,0.00227576,0,0.00131032,0.000116579,0,0,0.000655797,1.17285e-05,1.32451,0.00937951
288000,109851,103952,0.00227538,0,0.00131105,0.000116749,0,0,0.000655513,1.17303e-05,1.32346,0.0093795
288600,109851,103952,0.00227499,0,0.00131179,0.000116919,0,0,0.00065523,1.17319e-05,1.32241,0.00937949
289200,109851,103952,0.0022746,0,0.00131253,0.000117089,0,0,0.000654946,1.17333e-05,1.32138,0.00937947
289800,109851,103952,0.00227421,0,0.00131328,0.000117259,0,0,0.000654663,1.17345e-05,1.32035,0.00937946
290400,109851,103952,0.0022738,0,0.00131403,0.000117429,0,0,0.000654379,1.17354e-05,1.31933,0.00937944
291000,109851,103952,0.0022734,0,0.00131479,0.000117598,0,0,0.000654095,1.17361e-05,1.31832,0.00937943
291600,109851,103952,0.00227299,0,0.00131555,0.000117768,0,0,0.000653812,1.17365e-05,1.31731,0.00937941
292200,109851,103952,0.00227257,0,0.00131632,0.000117938,0,0,0.000653528,1.17367e-05,1.31632,0.00937939
292800,109851,103952,0.00227215,0,0.00131709,0.000118108,0,0,0.000653244,1.17367e-05,1.31532,0.00937938
293400,109851,103952,0.00227172,0,0.00131787,0.000118277,0,0,0.000652959,1.17364e-05,1.31434,0.00937936
294000,109851,103952,0.00227129,0,0.00131865,0.000118447,0,0,0.000652675,1.17359e-05,1.31337,0.00937935
294600,109851,103952,0.00227085,0,0.00131944,0.000118617,0,0,0.000652391,1.17353e-05,1.3124,0.00937933
295200,109851,103952,0.00227041,0,0.00132024,0.000118786,0,0,0.000652107,1.17347e-05,1.31144,0.00937931
295800,109851,103952,0.00226996,0,0.00132104,0.000118956,0,0,0.000651823,1.17341e-05,1.31049,0.0093793
296400,109851,103952,0.00226951,0,0.00132184,0.000119125,0,0,0.000651539,1.17332e-05,1.30955,0.00937928
297000,109851,103952,0.00226905,0,0.00132266,0.000119295,0,0,0.000651255,1.1732e-05,1.30861,0.00937926
297600,109851,103952,0.00226858,0,0.00132348,0.000119465,0,0,0.00065097,1.17306e-05,1.30768,0.00937924
298200,109851,103952,0.00226811,0,0.00132431,0.000119634,0,0,0.000650685,1.17289e-05,1.30676,0.00937922
298800,109851,103952,0.00226763,0,0.00132514,0.000119804,0,0,0.0006504,1.17269e-05,1.30585,0.00937921
299400,109851,103952,0.00226715,0,0.00132598,0.000119973,0,0,0.000650114,1.17248e-05,1.30495,0.00937919
300000,109851,103952,0.00226665,0,0.00132683,0.000120143,0,0,0.000649829,1.17226e-05,1.30405,0.00937917
300600,109851,103952,0.00226616,0,0.00132768,0.000120312,0,0,0.000649543,1.17201e-05,1.30316,0.00937915
301200,109851,103952,0.00226565,0,0.00132854,0.000120482,0,0,0.000649257,1.17173e-05,1.30228,0.00937913
301800,109851,103952,0.00226514,0,0.00132941,0.000120651,0,0,0.00064897,1.17143e-05,1.30141,0.00937911
302400,109851,103952,0.00226462,0,0.00133029,0.000120821,0,0,0.000648683,1.17109e-05,1.30055,0.00937909
303000,109851,103952,0.00226409,0,0.00133118,0.00012099,0,0,0.000648395,1.17073e-05,1.29969,0.00937907
303600,109851,103952,0.00226356,0,0.00133207,0.000121159,0,0,0.000648107,1.17034e-05,1.29884,0.00937905
304200,109851,103952,0.00226302,0,0.00133297,0.000121329,0,0,0.000647818,1.16991e-05,1.298,0.00937903
304800,109851,103952,0.00226247,0,0.00133388,0.000121498,0,0,0.000647529,1.16946e-05,1.29717,0.00937901
305400,109851,103952,0.00226191,0,0.0013348,0.000121667,0,0,0.000647239,1.16898e-05,1.29635,0.00937899
306000,109851,103952,0.00226135,0,0.00133572,0.000121837,0,0,0.000646949,1.16846e-05,1.29553,0.00937896
306600,109851,103952,0.00226077,0,0.00133666,0.000122006,0,0,0.000646658,1.16792e-05,1.29473,0.00937894
307200,109851,103952,0.00226019,0,0.0013376,0.000122175,0,0,0.000646366,1.16734e-05,1.29393,0.00937892
307800,109851,103952,0.0022596,0,0.00133855,0.000122344,0,0,0.000646074,1.16673e-05,1.29315,0.0093789
308400,109851,103952,0.00225901,0,0.00133952,0.000122514,0,0,0.000645781,1.16608e-05,1.29237,0.00937887
309000,109851,103952,0.0022584,0,0.00134049,0.000122683,0,0,0.000645486,1.16541e-05,1.2916,0.00937885
309600,109851,103952,0.00225778,0,0.00134147,0.000122852,0,0,0.000645192,1.16469e-05,1.29084,0.00937882
310200,109851,103952,0.00225716,0,0.00134246,0.000123021,0,0,0.000644896,1.16395e-05,1.29009,0.0093788
310800,109851,103952,0.00225652,0,0.00134346,0.00012319,0,0,0.000644599,1.16317e-05,1.28935,0.00937877
311400,109851,103952,0.00225588,0,0.00134448,0.000123359,0,0,0.000644302,1.16237e-05,1.28862,0.00937875
312000,109851,103952,0.00225522,0,0.0013455,0.000123528,0,0,0.000644004,1.16154e-05,1.2879,0.00937872
312600,109851,103952,0.00225455,0,0.00134654,0.000123697,0,0,0.000643704,1.16067e-05,1.28719,0.00937869
313200,109851,103952,0.00225388,0,0.00134758,0.000123866,0,0,0.000643404,1.15976e-05,1.28649,0.00937867
313800,109851,103952,0.00225319,0,0.00134864,0.000124035,0,0,0.000643102,1.15882e-05,1.2858,0.00937864
314400,109851,103952,0.00225249,0,0.00134971,0.000124205,0,0,0.000642799,1.15783e-05,1.28512,0.00937861
315000,109851,103952,0.00225178,0,0.0013508,0.000124374,0,0,0.000642495,1.15683e-05,1.28445,0.00937858
315600,109851,103952,0.00225106,0,0.00135189,0.000124543,0,0,0.000642189,1.15578e-05,1.28379,0.00937855
316200,109851,103952,0.00225033,0,0.001353,0.000124712,0,0,0.000641882,1.15469e-05,1.28315,0.00937852
316800,109851,103952,0.00224958,0,0.00135412,0.000124881,0,0,0.000641574,1.15356e-05,1.28252,0.00937849
317400,109851,103952,0.00224883,0,0.00135526,0.00012505,0,0,0.000641264,1.15237e-05,1.28189,0.00937846
318000,109851,103952,0.00224805,0,0.00135641,0.000125219,0,0,0.000640952,1.15115e-05,1.28128,0.00937843
318600,109851,103952,0.00224727,0,0.00135757,0.000125388,0,0,0.000640639,1.14989e-05,1.28069,0.0093784
319200,109851,103952,0.00224647,0,0.00135875,0.000125556,0,0,0.000640325,1.14864e-05,1.2801,0.00937837
319800,109851,103952,0.00224566,0,0.00135995,0.000125725,0,0,0.000640011,1.14738e-05,1.27953,0.00937834
320400,109851,103952,0.00224483,0,0.00136116,0.000125894,0,0,0.000639696,1.1461e-05,1.27897,0.0093783
321000,109850,103952,0.00224398,0,0.00136239,0.000126063,0,0,0.000639379,1.1448e-05,1.27843,0.00937827
321600,109851,103952,0.00224312,0,0.00136363,0.000126231,0,0,0.000639061,1.14349e-05,1.2779,0.00937824
322200,109850,103952,0.00224225,0,0.00136489,0.0001264,0,0,0.000638743,1.14219e-05,1.27739,0.00937821
322800,109850,103952,0.00224136,0,0.00136617,0.000126569,0,0,0.000638423,1.14085e-05,1.27688,0.00937817
323400,109850,103952,0.00224045,0,0.00136747,0.000126737,0,0,0.000638102,1.1395e-05,1.2764,0.00937814
324000,109850,103952,0.00223952,0,0.00136879,0.000126905,0,0,0.000637779,1.13812e-05,1.27593,0.0093781
324600,109850,103952,0.00223858,0,0.00137012,0.000127074,0,0,0.000637454,1.13672e-05,1.27548,0.00937807
325200,109850,103952,0.00223761,0,0.00137148,0.000127242,0,0,0.000637129,1.13531e-05,1.27504,0.00937803
325800,109851,103952,0.00223661,0,0.00137287,0.00012741,0,0,0.00063681,1.1342e-05,1.27463,0.00937801
326400,109851,103952,0.0022356,0,0.00137428,0.000127577,0,0,0.00063651,1.13374e-05,1.27423,0.00937798
327000,109851,103952,0.00223456,0,0.00137571,0.000127744,0,0,0.000636209,1.13329e-05,1.27386,0.00937796
327600,109851,103952,0.0022335,0,0.00137718,0.000127911,0,0,0.000635908,1.13285e-05,1.27351,0.00937794
328200,109851,103952,0.0022324,0,0.00137867,0.000128077,0,0,0.000635605,1.13241e-05,1.27318,0.00937791
328800,109851,103952,0.00223129,0,0.00138018,0.000128244,0,0,0.0006353,1.13192e-05,1.27287,0.00937789
329400,109851,103952,0.00223014,0,0.00138173,0.000128411,0,0,0.000634993,1.13141e-05,1.27259,0.00937786
330000,109851,103952,0.00222897,0,0.0013833,0.000128577,0,0,0.000634684,1.13087e-05,1.27233,0.00937784
330600,109851,103952,0.00222778,0,0.00138491,0.000128743,0,0,0.000634373,1.1303e-05,1.2721,0.00937781
331200,109851,103952,0.00222655,0,0.00138655,0.00012891,0,0,0.000634059,1.12969e-05,1.27189,0.00937779
331800,109851,103952,0.00222528,0,0.00138823,0.000129076,0,0,0.000633743,1.12906e-05,1.27171,0.00937776
332400,109851,103952,0.00222399,0,0.00138994,0.000129242,0,0,0.000633424,1.12839e-05,1.27156,0.00937774
333000,109851,103952,0.00222266,0,0.00139169,0.000129408,0,0,0.000633102,1.12768e-05,1.27144,0.00937771
333600,109851,103952,0.0022213,0,0.00139348,0.000129574,0,0,0.000632777,1.12693e-05,1.27135,0.00937768
334200,109851,103952,0.0022199,0,0.0013953,0.000129739,0,0,0.000632448,1.12612e-05,1.27129,0.00937765
334800,109851,103952,0.00221846,0,0.00139717,0.000129905,0,0,0.000632116,1.12527e-05,1.27127,0.00937762
335400,109851,103952,0.00221698,0,0.00139909,0.00013007,0,0,0.000631781,1.12441e-05,1.27129,0.00937759
336000,109851,103952,0.00221546,0,0.00140105,0.000130236,0,0,0.000631442,1.12352e-05,1.27134,0.00937756
336600,109851,103952,0.00221389,0,0.00140306,0.000130401,0,0,0.0006311,1.1226e-05,1.27143,0.00937753
337200,109851,103952,0.00221228,0,0.00140512,0.000130566,0,0,0.000630754,1.12164e-05,1.27157,0.0093775
337800,109851,103952,0.00221061,0,0.00140724,0.00013073,0,0,0.000630404,1.12064e-05,1.27176,0.00937747
338400,109851,103952,0.0022089,0,0.00140941,0.000130895,0,0,0.000630049,1.11957e-05,1.27199,0.00937743
339000,109851,103952,0.00220713,0,0.00141164,0.000131059,0,0,0.000629689,1.11844e-05,1.27226,0.0093774
339600,109851,103952,0.00220531,0,0.00141392,0.000131224,0,0,0.000629323,1.11724e-05,1.2726,0.00937736
340200,109850,103952,0.00220343,0,0.00141628,0.000131388,0,0,0.000628951,1.11598e-05,1.27298,0.00937733
340800,109850,103952,0.0022015,0,0.00141869,0.000131552,0,0,0.000628574,1.11467e-05,1.27343,0.00937729
341400,109850,103952,0.00219949,0,0.00142118,0.000131715,0,0,0.00062819,1.11329e-05,1.27394,0.00937726
342000,109850,103952,0.00219742,0,0.00142374,0.000131879,0,0,0.000627801,1.11185e-05,1.27451,0.00937722
342600,109850,103952,0.00219528,0,0.00142638,0.000132042,0,0,0.000627404,1.11034e-05,1.27516,0.00937718
343200,109850,103952,0.00219307,0,0.0014291,0.000132205,0,0,0.000627001,1.10874e-05,1.27587,0.00937714
343800,109850,103952,0.00219078,0,0.0014319,0.000132368,0,0,0.000626589,1.10706e-05,1.27667,0.0093771
344400,109850,103952,0.00218842,0,0.00143479,0.000132531,0,0,0.000626169,1.10529e-05,1.27755,0.00937705
345000,109850,103952,0.00218597,0,0.00143777,0.000132693,0,0,0.00062574,1.10343e-05,1.27851,0.00937701
345600,109850,103952,0.00218342,0,0.00144085,0.000132855,0,0,0.000625303,1.10149e-05,1.27958,0.00937696
346200,109850,103952,0.00218079,0,0.00144403,0.000133017,0,0,0.000624857,1.09946e-05,1.28074,0.00937692
346800,109850,103952,0.00217806,0,0.00144732,0.000133178,0,0,0.000624401,1.09733e-05,1.28201,0.00937687
347400,109850,103952,0.00217522,0,0.00145073,0.00013334,0,0,0.000623935,1.0951e-05,1.28339,0.00937682
348000,109850,103952,0.00217228,0,0.00145425,0.000133501,0,0,0.000623458,1.09277e-05,1.28489,0.00937677
348600,109850,103952,0.00216922,0,0.0014579,0.000133661,0,0,0.00062297,1.09032e-05,1.28652,0.00937671
349200,109850,103951,0.00216605,0,0.00146168,0.000133821,0,0,0.000622469,1.08773e-05,1.28829,0.00937666
349800,109850,103951,0.00216275,0,0.0014656,0.000133981,0,0,0.000621955,1.08502e-05,1.29021,0.0093766
350400,109850,103951,0.00215931,0,0.00146966,0.000134141,0,0,0.000621427,1.08216e-05,1.29227,0.00937654
351000,109850,103951,0.00215574,0,0.00147388,0.0001343,0,0,0.000620886,1.07917e-05,1.29451,0.00937648
351600,109850,103951,0.00215202,0,0.00147826,0.000134459,0,0,0.000620331,1.07605e-05,1.29693,0.00937642
352200,109850,103951,0.00214815,0,0.00148282,0.000134617,0,0,0.00061976,1.07277e-05,1.29953,0.00937635
352800,109850,103951,0.00214411,0,0.00148755,0.000134775,0,0,0.000619172,1.06932e-05,1.30233,0.00937628
353400,109850,103951,0.00213991,0,0.00149247,0.000134932,0,0,0.000618567,1.0657e-05,1.30535,0.00937621
354000,109850,103951,0.00213552,0,0.00149759,0.000135089,0,0,0.000617945,1.0619e-05,1.30859,0.00937613
354600,109850,103951,0.00213094,0,0.00150293,0.000135245,0,0,0.000617302,1.05791e-05,1.31208,0.00937606
355200,109850,103951,0.00212614,0,0.0015085,0.000135401,0,0,0.000616638,1.0537e-05,1.31585,0.00937598
355800,109850,103951,0.00212112,0,0.00151433,0.000135556,0,0,0.000615951,1.04928e-05,1.3199,0.00937589
356400,109850,103951,0.00211587,0,0.00152042,0.00013571,0,0,0.000615241,1.04462e-05,1.32426,0.0093758
357000,109850,103951,0.00211036,0,0.00152678,0.000135863,0,0,0.000614505,1.03972e-05,1.32895,0.00937571
357600,109850,103951,0.00210457,0,0.00153346,0.000136015,0,0,0.00061374,1.03454e-05,1.33401,0.00937562
358200,109850,103951,0.00209847,0,0.00154048,0.000136166,0,0,0.000612943,1.02907e-05,1.33944,0.00937551
358800,109850,103951,0.00209207,0,0.00154786,0.000136317,0,0,0.000612115,1.02329e-05,1.34527,0.00937541
359400,109850,103951,0.00208537,0,0.00155557,0.000136466,0,0,0.000611254,1.01721e-05,1.35145,0.0093753
360000,109850,103951,0.00207839,0,0.0015636,0.000136615,0,0,0.000610357,1.01078e-05,1.35795,0.00937518
360600,109850,103951,0.00207112,6.65741e-08,0.00157191,0.000136767,0,0,0.000609424,1.00402e-05,1.36472,0.00937505
361200,109850,103951,0.00206405,3.17993e-07,0.00157979,0.000136928,0,0,0.000608591,9.98159e-06,1.37178,0.00937494
361800,109850,103951,0.00205708,4.80623e-07,0.00158767,0.000137085,0,0,0.000607758,9.92312e-06,1.37903,0.00937483
362400,109850,103951,0.00205001,5.33808e-07,0.0015958,0.000137239,0,0,0.000606903,9.86263e-06,1.38618,0.00937471
363000,109850,103951,0.0020297,1.3747e-05,0.00160403,0.000137388,0,0,0.000606053,9.80299e-06,1.39314,0.00937459
363600,109850,103951,0.0020057,3.06234e-05,0.0016123,0.000137534,0,0,0.000605219,9.74495e-06,1.40016,0.00937447
364200,109850,103951,0.00199824,3.09646e-05,0.00162057,0.000137676,0,0,0.000604411,9.68931e-06,1.40744,0.00937436
364800,109850,103951,0.00199471,2.75714e-05,0.00162863,0.000137815,0,0,0.000603637,9.63709e-06,1.41467,0.00937425
365400,109850,103951,0.00199377,2.20134e-05,0.00163622,0.000137955,0,0,0.000602944,9.59209e-06,1.42109,0.00937415
366000,109850,103951,0.00199164,1.85614e-05,0.00164278,0.000138101,0,0,0.000602371,9.55762e-06,1.42583,0.00937406
366600,109850,103952,0.00199083,1.58295e-05,0.00164704,0.000138259,0,0,0.000601995,9.54021e-06,1.42667,0.009374
367200,109851,103952,0.00199083,1.32815e-05,0.00165016,0.000138421,0,0,0.000601705,9.5302e-06,1.4256,0.00937396
367800,109851,103952,0.00199082,1.1469e-05,0.00165246,0.000138586,0,0,0.000601476,9.52544e-06,1.42319,0.00937392
368400,109851,103952,0.00199082,1.01202e-05,0.00165423,0.000138751,0,0,0.000601284,9.52381e-06,1.42,0.00937389
369000,109851,103952,0.00199081,9.02481e-06,0.00165572,0.000138917,0,0,0.00060112,9.52473e-06,1.41634,0.00937387
369600,109851,103952,0.00199081,8.09938e-06,0.00165701,0.000139082,0,0,0.000600976,9.52732e-06,1.41239,0.00937384
370200,109851,103952,0.00199081,7.28567e-06,0.00165817,0.000139246,0,0,0.000600843,9.5309e-06,1.4084,0.00937382
370800,109851,103952,0.0019908,6.46476e-06,0.00165934,0.000139409,0,0,0.00060071,9.53439e-06,1.4048,0.0093738
371400,109851,103952,0.0019908,5.6259e-06,0.00166054,0.00013957,0,0,0.000600578,9.53785e-06,1.40137,0.00937377
372000,109851,103952,0.0019908,4.83734e-06,0.00166167,0.00013973,0,0,0.00060045,9.5417e-06,1.39796,0.00937375
372600,109851,103952,0.00199079,4.01011e-06,0.00166285,0.000139889,0,0,0.000600322,9.54564e-06,1.39489,0.00937373
373200,109851,103952,0.00199079,3.29549e-06,0.00166389,0.000140047,0,0,0.000600204,9.55032e-06,1.39198,0.00937371
373800,109851,103952,0.00199078,2.64937e-06,0.00166486,0.000140206,0,0,0.000600093,9.55558e-06,1.3893,0.00937369
374400,109851,103952,0.00199078,2.19004e-06,0.00166561,0.000140364,0,0,0.000599999,9.56234e-06,1.38668,0.00937367
375000,109851,103952,0.00199078,1.78192e-06,0.0016663,0.000140522,0,0,0.000599907,9.56926e-06,1.38467,0.00937365
375600,109851,103952,0.00199077,1.50121e-06,0.00166685,0.00014068,0,0,0.000599829,9.57734e-06,1.38322,0.00937364
376200,109851,103952,0.00199077,1.23811e-06,0.00166736,0.000140838,0,0,0.000599762,9.58641e-06,1.38257,0.00937362
376800,109851,103952,0.00199076,9.18727e-07,0.00166794,0.000140995,0,0,0.000599694,9.59535e-06,1.38269,0.00937361
377400,109851,103952,0.00199076,6.50216e-07,0.00166844,0.000141152,0,0,0.000599632,9.60496e-06,1.38341,0.00937359
378000,109851,103952,0.00199076,4.49596e-07,0.00166887,0.000141309,0,0,0.000599577,9.61515e-06,1.38456,0.00937358
378600,109851,103952,0.00199075,2.16423e-07,0.00166932,0.000141466,0,0,0.000599519,9.625e-06,1.38632,0.00937357
379200,109851,103952,0.00199075,4.55256e-08,0.00166969,0.000141622,0,0,0.000599466,9.63527e-06,1.3881,0.00937356
379800,109851,103952,0.00199074,0,0.00166991,0.000141778,0,0,0.000599423,9.64637e-06,1.38957,0.00937355
380400,109851,103952,0.00199074,0,0.00167007,0.000141934,0,0,0.000599388,9.65815e-06,1.39082,0.00937354
381000,109851,103952,0.00199073,0,0.00167022,0.00014209,0,0,0.000599356,9.67014e-06,1.39198,0.00937353
381600,109851,103952,0.00199073,0,0.00167037,0.000142246,0,0,0.000599324,9.6822e-06,1.39298,0.00937352
382200,109851,103952,0.00199072,0,0.00167052,0.000142401,0,0,0.000599294,9.69427e-06,1.39361,0.00937351
382800,109851,103952,0.00199072,0,0.00167067,0.000142556,0,0,0.000599264,9.70632e-06,1.39393,0.0093735
383400,109851,103952,0.00199071,0,0.00167082,0.000142711,0,0,0.000599235,9.71838e-06,1.39396,0.00937349
384000,109851,103952,0.00199071,0,0.00167098,0.000142866,0,0,0.000599206,9.73038e-06,1.39369,0.00937348
384600,109851,103952,0.0019907,0,0.00167115,0.00014302,0,0,0.000599177,9.74235e-06,1.39301,0.00937348
385200,109851,103952,0.0019907,0,0.00167133,0.000143174,0,0,0.000599148,9.75432e-06,1.39194,0.00937347
385800,109851,103952,0.00199069,0,0.00167151,0.000143329,0,0,0.00059912,9.76622e-06,1.39059,0.00937346
386400,109851,103952,0.00199069,0,0.00167171,0.000143482,0,0,0.000599093,9.77819e-06,1.38903,0.00937345
387000,109851,103952,0.00199068,0,0.00167192,0.000143636,0,0,0.000599067,9.79017e-06,1.38723,0.00937344
387600,109851,103952,0.00199067,0,0.00167214,0.00014379,0,0,0.00059904,9.80204e-06,1.38488,0.00937343
388200,109851,103952,0.00199067,0,0.00167237,0.000143943,0,0,0.000599013,9.81382e-06,1.38196,0.00937342
388800,109851,103952,0.00199066,0,0.00167262,0.000144096,0,0,0.000598986,9.82548e-06,1.37867,0.00937341
389400,109851,103952,0.00199066,0,0.00167287,0.00014425,0,0,0.000598958,9.83704e-06,1.37514,0.0093734
390000,109851,103952,0.00199065,0,0.00167314,0.000144403,0,0,0.000598931,9.84848e-06,1.37141,0.00937339
390600,109851,103952,0.00199064,0,0.00167342,0.000144556,0,0,0.000598903,9.85981e-06,1.36746,0.00937338
391200,109851,103952,0.00199064,0,0.00167371,0.000144708,0,0,0.000598874,9.87103e-06,1.36325,0.00937337
391800,109851,103952,0.00199063,0,0.00167401,0.000144861,0,0,0.000598846,9.88222e-06,1.35862,0.00937336
392400,109851,103952,0.00199062,0,0.00167431,0.000145013,0,0,0.000598818,9.8933e-06,1.35349,0.00937335
393000,109851,103952,0.00199062,0,0.00167462,0.000145166,0,0,0.000598791,9.90442e-06,1.34787,0.00937334
393600,109851,103952,0.00199061,0,0.00167494,0.000145318,0,0,0.000598764,9.91554e-06,1.34187,0.00937333
394200,109851,103952,0.0019906,0,0.00167527,0.000145471,0,0,0.000598737,9.92661e-06,1.33558,0.00937332
394800,109851,103952,0.0019906,0,0.0016756,0.000145623,0,0,0.00059871,9.93763e-06,1.32899,0.00937331
395400,109851,103952,0.00199059,0,0.00167594,0.000145775,0,0,0.000598684,9.9486e-06,1.32207,0.0093733
396000,109851,103952,0.00199058,0,0.00167628,0.000145927,0,0,0.000598657,9.95956e-06,1.31479,0.00937329
396600,109851,103952,0.00199057,0,0.00167663,0.000146079,0,0,0.000598631,9.97045e-06,1.30724,0.00937328
397200,109851,103952,0.00199056,0,0.00167698,0.00014623,0,0,0.000598605,9.98122e-06,1.29943,0.00937326
397800,109851,103952,0.00199056,0,0.00167733,0.000146382,0,0,0.000598578,9.99198e-06,1.2912,0.00937325
398400,109851,103952,0.00199055,0,0.00167769,0.000146534,0,0,0.000598552,1.00026e-05,1.28246,0.00937324
399000,109851,103952,0.00199054,0,0.00167806,0.000146685,0,0,0.000598525,1.00132e-05,1.27342,0.00937323
399600,109851,103952,0.00199054,0,0.00167842,0.000146837,0,0,0.000598498,1.00237e-05,1.26432,0.00937322
400200,109851,103952,0.00199053,0,0.00167879,0.000146988,0,0,0.000598471,1.00341e-05,1.25518,0.00937321
400800,109851,103952,0.00199052,0,0.00167916,0.00014714,0,0,0.000598443,1.00443e-05,1.246,0.0093732
401400,109851,103952,0.00199051,0,0.00167954,0.000147291,0,0,0.000598416,1.00545e-05,1.23679,0.00937318
402000,109851,103952,0.0019905,0,0.00167991,0.000147442,0,0,0.000598388,1.00647e-05,1.22758,0.00937317
402600,109851,103952,0.0019905,0,0.00168029,0.000147594,0,0,0.000598359,1.00746e-05,1.21832,0.00937316
403200,109851,103952,0.00199049,0,0.00168067,0.000147745,0,0,0.00059833,1.00844e-05,1.2089,0.00937315
403800,109851,103952,0.00199048,0,0.00168105,0.000147896,0,0,0.0005983,1.00941e-05,1.19957,0.00937313
404400,109851,103952,0.00199047,0,0.00168144,0.000148047,0,0,0.000598269,1.01036e-05,1.19016,0.00937312
405000,109851,103952,0.00199046,0,0.00168183,0.000148198,0,0,0.000598237,1.0113e-05,1.18071,0.00937311
405600,109851,103952,0.00199045,0,0.00168222,0.000148349,0,0,0.000598205,1.01221e-05,1.17135,0.00937309
406200,109851,103952,0.00199045,0,0.0016826,0.000148499,0,0,0.000598171,1.01311e-05,1.16215,0.00937308
406800,109851,103952,0.00199044,0,0.00168299,0.00014865,0,0,0.000598137,1.01399e-05,1.15305,0.00937307
407400,109851,103952,0.00199043,0,0.00168339,0.000148801,0,0,0.000598102,1.01486e-05,1.14396,0.00937305
408000,109851,103952,0.00199042,0,0.00168378,0.000148952,0,0,0.000598066,1.01571e-05,1.13496,0.00937304
408600,109851,103952,0.00199041,0,0.00168417,0.000149102,0,0,0.000598029,1.01655e-05,1.12607,0.00937302
409200,109851,103952,0.0019904,0,0.00168456,0.000149253,0,0,0.000597995,1.01741e-05,1.11718,0.00937301
409800,109851,103952,0.00199039,0,0.00168495,0.000149403,0,0,0.000597959,1.01826e-05,1.10834,0.00937299
410400,109851,103952,0.00199038,0,0.00168535,0.000149554,0,0,0.000597923,1.01908e-05,1.09978,0.00937298
411000,109851,103952,0.00199037,0,0.00168574,0.000149704,0,0,0.000597886,1.0199e-05,1.09128,0.00937296
411600,109851,103952,0.00199035,0,0.00168614,0.000149855,0,0,0.00059785,1.02072e-05,1.08283,0.00937295
412200,109851,103952,0.00199034,0,0.00168653,0.000150005,0,0,0.000597822,1.02163e-05,1.07443,0.00937293
412800,109851,103952,0.00199033,0,0.00168692,0.000150155,0,0,0.000597796,1.02257e-05,1.0661,0.00937292
413400,109851,103952,0.00199032,0,0.00168731,0.000150306,0,0,0.000597775,1.02357e-05,1.05786,0.00937291
414000,109851,103952,0.0019903,0,0.00168769,0.000150456,0,0,0.000597757,1.0246e-05,1.04965,0.0093729
414600,109851,103952,0.00199029,0,0.00168808,0.000150607,0,0,0.000597746,1.02571e-05,1.04147,0.00937289
415200,109851,103952,0.00199028,0,0.00168846,0.000150757,0,0,0.000597738,1.02685e-05,1.03338,0.00937288
415800,109851,103952,0.00199027,0,0.00168885,0.000150908,0,0,0.000597736,1.02808e-05,1.02537,0.00937287
416400,109851,103952,0.00199025,0,0.00168923,0.000151058,0,0,0.000597736,1.02931e-05,1.01742,0.00937286
417000,109851,103952,0.00199024,0,0.00168962,0.000151209,0,0,0.000597735,1.03053e-05,1.00953,0.00937285
417600,109851,103952,0.00199022,0,0.00169001,0.000151359,0,0,0.000597734,1.03175e-05,1.00176,0.00937284
418200,109851,103952,0.00199021,0,0.00169039,0.000151509,0,0,0.000597735,1.03299e-05,0.99415,0.00937283
418800,109851,103952,0.00199019,0,0.00169078,0.00015166,0,0,0.00059774,1.03426e-05,0.986757,0.00937283
419400,109851,103952,0.00199018,0,0.00169116,0.00015181,0,0,0.000597745,1.03555e-05,0.979576,0.00937282
420000,109851,103952,0.00199016,0,0.00169154,0.000151961,0,0,0.000597752,1.03685e-05,0.972552,0.00937281
420600,109851,103952,0.00199015,0,0.00169192,0.000152111,0,0,0.00059776,1.03816e-05,0.965618,0.0093728
421200,109851,103952,0.00199013,0,0.00169231,0.000152261,0,0,0.000597769,1.03947e-05,0.958772,0.00937279
421800,109851,103952,0.00199011,0,0.00169269,0.000152412,0,0,0.000597778,1.04079e-05,0.952038,0.00937279
422400,109851,103952,0.0019901,0,0.00169308,0.000152562,0,0,0.000597788,1.04212e-05,0.945472,0.00937278
423000,109851,103952,0.00199008,0,0.00169347,0.000152713,0,0,0.0005978,1.04346e-05,0.938958,0.00937278
423600,109851,103952,0.00199006,0,0.00169386,0.000152863,0,0,0.000597811,1.0448e-05,0.932563,0.00937277
424200,109851,103952,0.00199004,0,0.00169425,0.000153014,0,0,0.000597824,1.04614e-05,0.926232,0.00937276
424800,109851,103952,0.00199002,0,0.00169463,0.000153164,0,0,0.000597838,1.0475e-05,0.920006,0.00937275
425400,109851,103952,0.00199,0,0.00169501,0.000153315,0,0,0.000597851,1.04884e-05,0.913965,0.00937274
426000,109851,103952,0.00198997,0,0.00169539,0.000153465,0,0,0.000597864,1.05018e-05,0.908056,0.00937273
426600,109851,103952,0.00198995,0,0.00169577,0.000153616,0,0,0.000597876,1.05151e-05,0.902209,0.00937273
427200,109851,103952,0.00198994,0,0.00169615,0.000153766,0,0,0.000597889,1.05283e-05,0.896481,0.00937272
427800,109851,103952,0.00198991,0,0.00169653,0.000153917,0,0,0.000597902,1.05416e-05,0.890804,0.00937271
428400,109851,103952,0.00198989,0,0.00169691,0.000154067,0,0,0.000597916,1.05549e-05,0.885214,0.0093727
429000,109851,103952,0.00198987,0,0.00169729,0.000154218,0,0,0.000597929,1.05681e-05,0.879687,0.00937269
429600,109851,103952,0.00198985,0,0.00169767,0.000154368,0,0,0.000597942,1.05813e-05,0.874234,0.00937269
430200,109851,103952,0.00198983,0,0.00169806,0.000154519,0,0,0.000597955,1.05943e-05,0.868895,0.00937268
430800,109851,103952,0.0019898,0,0.00169843,0.000154669,0,0,0.000597968,1.06074e-05,0.863664,0.00937267
431400,109851,103952,0.00198978,0,0.00169881,0.00015482,0,0,0.00059798,1.06203e-05,0.858527,0.00937266
